restaurant_id,user_id,name,city,rating,rating_count,average_cost,cuisine,address
567335,41,AB FOODS POINT,Abohar,--,Too Few Ratings,200,"Beverages,Pizzas","AB FOODS POINT, NEAR RISHI NARANG DENTAL CLINIC , NEAR IDBI BANK, ABOHAR"
531342,118,Janta Sweet House,Abohar,4.4,50+ ratings,200,"Sweets,Bakery","Janta Sweet House, Bazar No.9, Circullar Road, Abohar"
158203,121,theka coffee desi,Abohar,3.8,100+ ratings,100,Beverages,"theka coffee desi, sahtiya sadan road city"
187912,125,Singh Hut,Abohar,3.7,20+ ratings,250,"Fast Food,Indian","Singh Hut, CIRCULAR ROAD NEAR NEHRU PARK ABOHAR"
543530,169,GRILL MASTERS,Abohar,--,Too Few Ratings,250,"Italian-American,Fast Food","GRILL MASTERS, ADA Heights, Abohar - Hanumangarh Rd, Raipura, Abohar, Punjab 152116, India"
158204,178,Sam Uncle,Abohar,3.6,20+ ratings,200,Continental,"Sam Uncle, hanumangarh road near raja bajaj showroom abohar"
156588,190,shere punjab veg,Abohar,4.0,100+ ratings,150,North Indian,"shere punjab veg, major surinder chowk near verma sons petrol pump and lic building abohar"
244866,195,Shri Balaji Vaishno Dhaba,Abohar,--,Too Few Ratings,100,North Indian,"Shri Balaji Vaishno Dhaba, St no 13,6th chowk,main Bazar,near jain bhawan, abohar"
156602,209,Hinglaj Kachori Bhandhar,Abohar,4.2,20+ ratings,100,"Snacks,Chaat","Hinglaj Kachori Bhandhar, street no 11 circular road ,Abohar"
158193,231,yummy hub,Abohar,--,Too Few Ratings,200,Indian,"yummy hub, hanumangarh road near dr naveen sethi hospitalabohar"
407249,234,CHAWLA SAAB THE JUICE MASTER,Abohar,--,Too Few Ratings,300,"Juices,Beverages","CHAWLA SAAB THE JUICE MASTER, SAHITYA SADAN MARKET, ABOHAR ,  Abohar (M Cl) , Fazilka 1(Abohar), Fazilka,  Punjab-152116"
156590,245,Sethi Milk Badam,Abohar,4.2,20+ ratings,100,"Sweets,Desserts","Sethi Milk Badam, main bazar street no 11 abohar"
338749,248,Swastik Dhaba,Abohar,--,Too Few Ratings,200,North Indian,"Swastik Dhaba, Gaushala road street no 22 near shiv mandir abohar"
156601,256,Jodhpuri Kachori,Abohar,--,Too Few Ratings,100,Snacks,"Jodhpuri Kachori, mandi 1 street no 4 main bazar near sbi bank abohar"
156587,261,Bharawan Da Dhaba,Abohar,4.4,50+ ratings,300,Indian,"Bharawan Da Dhaba, rimpy bakery 12 circular road main bazar abohar"
158192,265,Tandoori Nights,Abohar,--,Too Few Ratings,300,Tandoor,"Tandoori Nights, near civil hospital canteen abohar"
394554,291,Roll Express,Abohar,4.0,20+ ratings,200,Fast Food,"Roll Express, Roll Express, Opposite Dr. Sarla Sethi Hospital, Near DAV College, Hanumangarh Road, Abohar"
158195,318,wah ji waah veg and non veg corner,Abohar,--,Too Few Ratings,200,"North Indian,Chinese","wah ji waah veg and non veg corner, Hanuman garh road, Down the flyover. Near Dr.Navin Sheety Abohar"
257181,321,Shri Balaji fast food and Variety store,Abohar,--,Too Few Ratings,100,Indian,"Shri Balaji fast food and Variety store, opposite Loona Nursing home"
530909,336,FOODY MOOD,Abohar,4.7,20+ ratings,300,"Fast Food,Chinese","FOODY MOOD, Arya nagar St no 7 Abohar, Abohar (M Cl),  Fazilka 1(Abohar), Fazilka, Punjab - 152116"
573649,352,PUNJABI TADKA,Abohar,--,Too Few Ratings,700,"Punjabi,North Indian","PUNJABI TADKA, HANUMANGARH ROAD,UNDER  FLYOVER,OPP SETHI REGENCY ABOHAR,  Abohar (M Cl), Fazilka 1(Abohar), Fazilka,  Punjab - 152116"
573656,360,PUNJABI TADKA CHICKEN HUB,Abohar,--,Too Few Ratings,650,"North Indian,Tandoor","PUNJABI TADKA CHICKEN HUB, HANUMANGARH ROAD,UNDER  FLYOVER,OPP SETHI REGENCY ABOHAR,  Abohar (M Cl), Fazilka 1(Abohar), Fazilka,  Punjab - 152116"
420675,363,Royal Chicken,Abohar,4.2,20+ ratings,200,"Mughlai,North Indian","Royal Chicken, Near Naveen Sethi Hospital, Under Flyover, Abohar"
427610,374,Just Baked,Abohar,--,Too Few Ratings,300,"Beverages,Pizzas","Just Baked, New Abadi, Ward no. 22, Abohar (M Cl), Fazilka 1(Abohar), Fazilka, Punjab - 152116"
435582,377,Picado International Food,Abohar,--,Too Few Ratings,300,"Pizzas,Beverages","Picado International Food, Opp New Grain Market, Fazilka Road, Abohar"
382204,429,PubG Cafe,Abohar,--,Too Few Ratings,200,"Chinese,Pizzas","PubG Cafe, St. No 2, Near Essar petrol pump, Sitto  road, Model Town , Abohar, Fazilka,  Abohar (M Cl), Fazilka 1(Abohar), Fazilka,  Punjab - 152116"
460692,506,Verma Dhaba,Abohar,--,Too Few Ratings,300,Indian,"Verma Dhaba, GangaNagar Road, Near Tara Estate, Abohar"
368328,509,Fresh Food Cafe,Abohar,--,Too Few Ratings,150,North Indian,"Fresh Food Cafe, Sito Road, Near Railway Crossing, Model Town, Abohar"
530878,513,NAVU PIZZA HOUSE,Abohar,--,Too Few Ratings,300,"Pizzas,Fast Food","NAVU PIZZA HOUSE, COLLEGE ROAD ABOHAR,ABOHAR,FAZILKA 1,FAZILKA PUNJAB-152116"
171675,557,Domino's Pizza,Abohar,4.4,20+ ratings,400,Pizzas,"Domino's Pizza, ADAHeights,HanumangarhRoad,SunderNagari,Abohar,District,Fazilka"
475283,566,Joker Cafe,Abohar,--,Too Few Ratings,200,Indian,"Joker Cafe, First Floor, Shop No.226, City Walk  Mall, College Road, Fazilka  1(Abohar), Fazilka, , Punjab, 152116"
421155,578,Deepak Dhaba,Abohar,--,Too Few Ratings,350,"North Indian,Chinese","Deepak Dhaba, Sito Chowk Near By Pass, Abohar"
545273,583,FUN TIME (SHARMA DAIRY),Abohar,--,Too Few Ratings,300,Ice Cream,"FUN TIME (SHARMA DAIRY), ST NO. 10,NEW ABADI ABOHAR,FAZILKA,PUNJAB 152116"
440811,597,Pari Healthy Food,Abohar,--,Too Few Ratings,300,"Pizzas,American","Pari Healthy Food, Dhani Bishesharnath, Kandhwal Road, Abohar"
420586,619,Bhatti Ki Rasoi,Abohar,--,Too Few Ratings,200,North Indian,"Bhatti Ki Rasoi, HANUMANGARH ROAD, AZIMGARH CHUNGI, Fazilka, Punjab- 152116"
448046,622,SETHI PUNJABI RASOI,Abohar,--,Too Few Ratings,300,Indian,"SETHI PUNJABI RASOI, HANUMANGARH ROAD NEAR AZIMGARH  CHUNGI OPPOSITE BABA DEEP SINGH  GURUDHWARA ABOHAR, Abohar (M Cl),  Fazilka 1(Abohar), Fazilka, Punjab - 152116"
187921,633,Kurda Ram Desi Ghee Dhaba(Original & Famous),Abohar,--,Too Few Ratings,250,North Indian,"Kurda Ram Desi Ghee Dhaba(Original & Famous), BAZAR NO. 4, ABOHAR, Abohar (M Cl),  Fazilka 1(Abohar), Fazilka, Punjab - 152116"
551512,636,Paratha 24x7,Abohar,--,Too Few Ratings,150,"Indian,Thalis","Paratha 24x7, Waryam nagar, Abohar (M Cl), Fazilka   1(Abohar), Fazilka, Punjab - 152116"
351387,644,NIKKU VEG THALI,Abohar,4.1,100+ ratings,150,North Indian,"NIKKU VEG THALI, College Road, Near Railway Line, Abohar"
432675,649,PARJAPATI FAST FOOD,Abohar,--,Too Few Ratings,200,"Fast Food,American","PARJAPATI FAST FOOD, NEW GRAIN MARKET, NEAR SEWA KENDR, Fazilka 1(Abohar), Fazilka, , Punjab, 152116"
302868,653,Ganesh Fast Food,Abohar,--,Too Few Ratings,150,Chaat,"Ganesh Fast Food, Abohar, Fazlika road chowk, near Barundham"
567664,679,Mitran Da dhaba,Abohar,--,Too Few Ratings,200,"North Indian,Indian","Mitran Da dhaba, Uttam Vihar colony, gate-2, Last crossing, abohar, Punjab 152116"
440878,706,The Super Cafe,Abohar,--,Too Few Ratings,250,Beverages,"The Super Cafe, NAI ABADI, BADI POUDI, ST. NO.19,  Abohar (M Cl), Fazilka 1(Abohar), Fazilka,  Punjab - 152116"
161396,709,chacha sweets house,Abohar,--,Too Few Ratings,200,"Sweets,Beverages","chacha sweets house, h no 2402 st no 24 gaushalla road opp sukhmani hospital abohar"
382249,724,Cafe M,Abohar,--,Too Few Ratings,200,"Continental,Snacks","Cafe M, NEAR SITO FATAK, OPP LOONA NURSING HOME, ABOHAR,  Fazilka, Punjab- 152116"
161408,740,Frankie roll junction,Abohar,--,Too Few Ratings,60,"North Indian,Fast Food","Frankie roll junction, lajpat rai market near nehru park abohar"
432684,748,G.K Dhaba,Abohar,--,Too Few Ratings,300,"North Indian,Thalis","G.K Dhaba, Khandwala Road, Abohar"
459776,751,DAYA RAJ VEG VAISHNO DHABA AND  CATERS,Abohar,--,Too Few Ratings,300,"Chinese,Snacks","DAYA RAJ VEG VAISHNO DHABA AND  CATERS, THAKKAR ABADI ROAD NEAR RAILWAY  CROSSING ABOHAR, Abohar (M Cl), Fazilka  1(Abohar), Fazilka, Punjab - 152116"
459775,762,JUICY BAR N RESTO,Abohar,--,Too Few Ratings,300,"Beverages,Pizzas","JUICY BAR N RESTO, BABA NAMDEV CHOWK, NEAR DOMINOS,  HANUMANGARH ROAD, Abohar (M Cl),  Fazilka 1(Abohar), Fazilka, Punjab - 152116"
420637,765,FresHub,Abohar,--,Too Few Ratings,200,Beverages,"FresHub, SHOP NO. 118, CITY WALK MALL, GROUND  FLOOR,HANUMANGARH ROAD,ABOHAR,  Abohar (M Cl), Fazilka 1(Abohar), Fazilka,  Punjab - 152116"
420479,817,The Food Factory,Abohar,--,Too Few Ratings,200,"North Indian,South Indian","The Food Factory, SIDHU NAGRI ,ST NO.5, MAIN ROAD, ABOHAR, Abohar (M Cl), Fazilka 1(Abohar), Fazilka"
427606,894,MUNNA PUNJABI RASOI,Abohar,--,Too Few Ratings,400,"Chinese,Indian","MUNNA PUNJABI RASOI, HANUMANGARH ROAD NEAR DAV COLLEGE ABOHAR"
531363,897,Grill Master By Sharda Anita Enterprises,Abohar,--,Too Few Ratings,250,"Fast Food,Italian","Grill Master By Sharda Anita Enterprises, OPP DOMINO'S PIZZA, NEAR NAMDEV  CHOWK, HANUMANGARH ROAD, ABOHAR,  Fazilka 1(Abohar), Fazilka, Punjab-152116"
156592,901,Maruti Plaza,Abohar,--,Too Few Ratings,150,"Beverages,Snacks","Maruti Plaza, house no st no 4 near durga mata mandir abohar"
373319,945,Nikku Chaap Cafe,Abohar,--,Too Few Ratings,200,"Indian,Chinese","Nikku Chaap Cafe, 324, Street No: 3, Badi Puri, Nai Abadi, Abohar-152116"
508318,954,DK Food Point,Abohar,--,Too Few Ratings,100,Chaat,"DK Food Point, SCO 29, Sri Ganganagar Rd, opposite PSPCL Power Station, Kothi Faij, Abohar, Punjab 152116, India"
407243,966,TUMMY CLINIK FAST FOOD CORNER,Abohar,--,Too Few Ratings,200,"Snacks,Chinese","TUMMY CLINIK FAST FOOD CORNER, nai abadi, street no.12, near post office,  abohar , Abohar (M Cl) , Fazilka 1(Abohar),  Fazilka, Punjab-152116"
187915,971,Sagar Fast Food,Abohar,--,Too Few Ratings,200,"North Indian,Fast Food","Sagar Fast Food, STREET NO. 6 MOHAN BAZAR NEAR SHIV MANDIR ABOHAR"
461724,985,SUDESH FAST FOOD,Abohar,4.0,20+ ratings,250,"Bakery,Chinese","SUDESH FAST FOOD, Shri Ganganagar Road, Near Tara  Estate, Fazilka 1(Abohar), Fazilka, ,  Punjab, 152116"
156542,1007,Sonu Tandoori Paties,Abohar,--,Too Few Ratings,100,North Indian,"Sonu Tandoori Paties, near tehsil complex sitto road abohar"
161405,1010,Bihari da vaishno dhaba,Abohar,4.0,20+ ratings,200,North Indian,"Bihari da vaishno dhaba, hanumangarh road mahavir colony lajpat nagar abohar"
462070,1021,SHRI GANESH SWEET HOUSE,Abohar,--,Too Few Ratings,200,Indian,"SHRI GANESH SWEET HOUSE, NEW GRAIN MARKET, Abohar (M Cl),  Fazilka 1(Abohar), Fazilka, Punjab - 152116"
224008,1024,Sharma Bakery,Adilabad,3.5,20+ ratings,100,Bakery,"Sharma Bakery, Near Kumar Janta Ganesh Mandal, Kumar Pet Adilabad"
165533,1032,IFC Restaurant,Adilabad,3.5,100+ ratings,400,American,"IFC Restaurant, Jagadamba Towers, Gandhi Printing Press, Adilabad"
225827,1037,Ayappa Fast Food,Adilabad,3.6,20+ ratings,100,Chinese,"Ayappa Fast Food,  opp-little star high school, ravindra nagar colony,, Adilabad - 504001"
242943,1041,Hot N Chill Restaurant,Adilabad,3.5,100+ ratings,150,"European,Italian","Hot N Chill Restaurant, H NO 4 -4 -703 BHUKTHAPUR,ADILABAD 504001"
186286,1067,China Kitchen Fast Food,Adilabad,3.1,20+ ratings,150,"Chinese,Fast Food","China Kitchen Fast Food, Gunj Road,Near Tamsi BusStand,Adilabad"
166613,1094,Devi Family Restaurant,Adilabad,3.4,50+ ratings,400,"Indian,Chinese","Devi Family Restaurant, Collector Chowk, Adilabada"
500628,1097,Instaa Fast Food Center,Adilabad,--,Too Few Ratings,250,"Chinese,Snacks","Instaa Fast Food Center, Door No:6-16-212, Near Sfc school Subashnagar,Nizamabad,(urban),Nizamabad,Telanagana -503001"
186289,1112,Hotel Radha Grand Family restaurant,Adilabad,3.5,50+ ratings,200,Biryani,"Hotel Radha Grand Family restaurant, opp: Star Medicals,near RIMS Hospital,Collector Chock.Adilabad"
165532,1128,Hotel Surabhi Grand,Adilabad,3.7,100+ ratings,300,"Indian,Chinese","Hotel Surabhi Grand, Cinema Road, Adilabad"
169281,1136,Food Court,Adilabad,3.4,50+ ratings,400,"Indian,Chinese","Food Court, Bus Stand Road,Adilabad"
408059,1139,T-Ruchi,Adilabad,--,Too Few Ratings,300,"Sweets,Snacks","T-Ruchi, Pillar No C 1432, Meridian Plaza, Ground Floor, Ameerpet Rd,  Begumpet, Hyderabad, Telangana 500016"
529171,1150,CRUNCHY FAST FOOD CENTRE,Adilabad,--,Too Few Ratings,150,"Chinese,Snacks","CRUNCHY FAST FOOD CENTRE, GANDHI PARK ROAD, Adilbad (Urban),  Adilabad, Telangana - 504001"
517814,1153,8AM TIFFINS,Adilabad,--,Too Few Ratings,100,South Indian,"8AM TIFFINS, H. NO. 4-3-114, NETAJI CHOWK,  ADILABAD-504001 TELANGANA, Adilbad  (Urban), Adilabad, Telangana - 504001"
167432,1205,Minerva Ice Cream,Adilabad,4.0,20+ ratings,250,Desserts,"Minerva Ice Cream, Collector Chowk, Adilabad"
166971,1282,Ayyappa Mess,Adilabad,--,Too Few Ratings,200,South Indian,"Ayyappa Mess, NTR Circle, Adilabad"
516171,1285,FRUITASTY,Adilabad,--,Too Few Ratings,100,"Beverages,Desserts","FRUITASTY, 6/5/59, Near Srinivasa Nursing Home Netaji Chowk, Adilabad , Adilbad (Urban), Adilabad (Telangana), - 504001"
226299,1289,Lotus Grand Family Restaurant,Adilabad,3.6,50+ ratings,250,Biryani,"Lotus Grand Family Restaurant, opp bustand Adilabad"
374706,1333,Shaifan Tiffin Centre,Adilabad,--,Too Few Ratings,110,"Street Food,Indian","Shaifan Tiffin Centre, New bus stand (opposite) telagana grammina bank,  Adilabad, Telangana-504001"
473193,1342,Food On Wheels,Adilabad,--,Too Few Ratings,100,South Indian,"Food On Wheels, C/O STU BHAVAN,Gandhi Park Road,  Adilbad (Urban), Adilabad, Telangana -  504001"
167412,1354,Sri Sai Mom's Kitchen Restaurant,Adilabad,3.3,20+ ratings,400,Biryani,"Sri Sai Mom's Kitchen Restaurant, Teachers Coloney, Dasnapur, Adilabad"
503717,1359,China Kitchen Restaurant,Adilabad,--,Too Few Ratings,250,Chinese,"China Kitchen Restaurant, Near SVR petrol pump Tripelly,Adilabad,Adilabad(urban)Telangana - 504001"
165530,1373,Renuka Hotel,Adilabad,3.1,20+ ratings,250,South Indian,"Renuka Hotel, Punjabi Chowk, Opp To Kushi Bar, Adilabad"
255925,1395,Tanishq Family Restaurant,Adilabad,3.7,50+ ratings,250,"Chinese,Indian","Tanishq Family Restaurant, Bhukthapur,Adilabad,Telanagana"
225921,1398,KMC Hotel,Adilabad,3.6,20+ ratings,100,Biryani,"KMC Hotel, NTR CHOWK Adilabad"
549242,1409,RAMA JUICE AND SHAKES PARLOUR (LASSI N SHAKES ),Adilabad,--,Too Few Ratings,150,"Indian,Beverages","RAMA JUICE AND SHAKES PARLOUR (LASSI N SHAKES ), 7-1-13/3/B  ADILABAD 504001"
321587,1412,Kwality Walls Frozen Dessert and Ice Cream Shop,Adityapur,4.8,20+ ratings,300,Desserts,"Kwality Walls Frozen Dessert and Ice Cream Shop, Shop No.1(II), B. No.1, Mango Bus Stand, P.S. Sakchi, P.S. Sitaramdera , District - Purbi Singhbhum, STATE - Jharkhand"
439487,1420,La Pino'z Pizza,Adityapur,4.1,500+ ratings,200,"Pizzas,Fast Food","La Pino'z Pizza, Ground Floor, 29, Kharkai Link Road, Bistupur, Jamshedpur, East Singhbhum, Jharkhand, 831001"
397980,1425,Chaw Box,Adityapur,3.3,100+ ratings,300,"Chinese,North Indian","Chaw Box, 1295, MAIN ROAD ADITYAPUR, SERAIKELAKHARSAWAN, BEHIND SHARMA MARKET,  JHARKHAND, KHARSAWAN, KHARSAWAN,  Saraikela, Jharkhand-831013"
304302,1429,Cafe Coffee Day,Adityapur,3.7,50+ ratings,300,"Beverages,Snacks","Cafe Coffee Day, cafecoffee day .D-costa mansion,Bistupur ,jamshedpur purbi singhbhum (jharkhand)"
533186,1455,Aditya Inn Restaurant,Adityapur,3.6,100+ ratings,150,"Biryani,Chinese","Aditya Inn Restaurant, Plot number 1295, Main Rd, Behind  Sharma market, Adityapur Basti,  Adityapur,GAMAHARIA, Saraikela, ,  Jharkhand, 831013"
478348,1482,Taste Ville,Adityapur,--,Too Few Ratings,100,"North Indian,Indian","Taste Ville, Old sitram dera jamshedpur"
138890,1485,Indian Bakery,Adityapur,3.3,100+ ratings,200,Bakery,"Indian Bakery, SHOP NO 1, RANI KUDAR,KADMA, JAMSHEDPUR"
553999,1500,Mannat Bakers,Adityapur,--,Too Few Ratings,300,Bakery,"Mannat Bakers, S TYPE CHOWK, ADITYAPUR, NAGAR NIGAM, SARAIKELA, JHARKHAND - 831013"
410839,1516,China Town,Adityapur,--,Too Few Ratings,200,Chinese,"China Town, KAMLA SADAN, 3RD FLOOR, H. NO.: 6,  SUBHASH COLONY, DIMNA ROAD,  MANGO, Mango Municipality Word Nos 8,  Muncipality, Purbi Singhbhum, Jharkhand  - 831012"
137701,1524,The Onyx (Pure veg),Adityapur,3.8,100+ ratings,300,"Indian,Chinese","The Onyx (Pure veg), SHERE-PUNJAB CHOUK, TATA KANDRA MAIN ROAD, BESIDE V MART, ADITYAPUR, JAMSHEDPUR"
575990,1527,KI & KA KITCHEN,Adityapur,--,Too Few Ratings,200,"Chinese,North Indian","KI & KA KITCHEN, road, near meditrina hospital, \\r\\nNaginapuri, Dindli Basti, Adityapur, \\r\\nJamshedpur,,"
410838,1538,Magic Momo,Adityapur,--,Too Few Ratings,200,"Chinese,Tandoor","Magic Momo, KAMLA SADAN, 3RD FLOOR, H. NO.: 6,  SUBHASH COLONY, DIMNA ROAD,  MANGO, Mango Municipality Word Nos 8,  Muncipality, Purbi Singhbhum, Jharkhand  - 831012"
397258,1541,Yes Yo Momo,Adityapur,--,Too Few Ratings,150,Chinese,"Yes Yo Momo, CHOUDHARY JAGARNATHPUR, GAMARIA,  ADITYAPUR 2, ADITYAPUR, GAMAHARIA,  Saraikela, Jharkhand - 832109"
133352,1593,NEW GANGOUR SWEETS (Adityapur),Adityapur,4.0,50+ ratings,200,South Indian,"NEW GANGOUR SWEETS (Adityapur), JEET COMPLEX MAIN ADITYAPUR ROAD,NEAR SHERE PUNJAB CHOWK"
150497,1670,National Bakery,Adityapur,4.4,50+ ratings,399,"Bakery,Snacks","National Bakery, 725, NEW SITARAM DERA, SAKCHI, JAMSHEDPUR"
383716,1673,BAKERY POINT.,Adityapur,--,Too Few Ratings,200,"Bakery,Snacks","BAKERY POINT., DEEP COMPLEX, S TYPE MAIN ROAD, ADITYAPUR P/O ADITYAPUR, S - TYPE, 1 TYPE, ADITYAPUR NAGAR NIGAM (ADITYAPUR), SARAIKELA, JHARKHAND - 831013"
113948,1677,KFC,Adityapur,4.0,500+ ratings,400,"American,Snacks","KFC, P&M Mall ,Outer Circle Road ,Bistupur ,Jamshedpur Jharkhand 831001"
431552,1721,LUV BITES BAKERY,Adityapur,--,Too Few Ratings,250,Bakery,"LUV BITES BAKERY, Ward 20, Holding 12, Deep Complex, Tata Kandra Main Road, Adityapur, Bistupur, Jamshedpur"
412357,1730,Buddha Delight - Gamharia,Adityapur,3.5,100+ ratings,200,"Chinese,Indian","Buddha Delight - Gamharia, Road No-4,Near Railway Barrack,Adityapur-2,Inchagarh,Saraikela,Jharkhand-831013"
102037,1742,Dosa Planet,Adityapur,3.9,500+ ratings,249,"South Indian,Indian","Dosa Planet, Near Ramkrishan Mission School, Bistupur"
578207,1747,SAMBHU DOSA,Adityapur,--,Too Few Ratings,150,"South Indian,Chinese","SAMBHU DOSA, SHOP NO 103 GROUND FLOOR ADITYAPUR DINDLI BASTI, ADITYAPUR, GAMAHARIA, Saraikela, Jharkhand - 831013"
565260,1761,Red Oven,Adityapur,--,Too Few Ratings,250,Bakery,"Red Oven, MAIN ROAD, SHER E PUNJAB CHOWK, ADITYAPUR, ADITYAPUR-2, ROAD NO-3,4,5,6,7,8,9,10, NAGAR NIGAM (ADITYAPUK Saraikela, jharkhand -831013"
101351,1783,Pizza Hut,Adityapur,3.3,100+ ratings,350,Pizzas,"Pizza Hut, Unit No RT -11 P amd M Hi Tech City Centre,Bistupur, Jamshedpur,Jharkhand"
480203,1786,CHAMPARAN TASTE MUTTON CHICKEN,Adityapur,--,Too Few Ratings,100,North Indian,"CHAMPARAN TASTE MUTTON CHICKEN, SAAL BAGAAN, JAI PRAKASH UDYAAN, ADITYAPUR-2"
102842,1797,Junction,Adityapur,3.9,500+ ratings,399,"Indian,Chinese","Junction, Shop 22, Millennium Tower, South Park, Bistupur, Jamshedpur"
138891,1800,Kolkata Royal Biryani,Adityapur,3.7,500+ ratings,150,"Biryani,Street Food","Kolkata Royal Biryani, Railway Crossing, near State Bank, Jugsalai Fatak, Chowk Bazar, Jugsalai, Jamshedpur, Jharkhand 813006"
143143,1808,Yummerica Fries,Adityapur,3.8,50+ ratings,400,"American,Beverages","Yummerica Fries, Yummerica Fries, Food Court, PM Mall, Bistupur, Jamshedpur"
558957,1813,Tandoori Hut,Adityapur,4.4,20+ ratings,400,"North Indian,Tandoor","Tandoori Hut, H.NO- 21/A, AWTAR BUILDING, OUTER CIRCLE ROAD NO.2, GURUDWARA BASTI, BISTUPUR , Muncipality, Purbi Singhbhum, Jharkhand-831001"
489011,1817,Karim's,Adityapur,2.7,20+ ratings,500,"Snacks,Kebabs","Karim's , Bistupur Main Rd, South Park, Bistupur, Jamshedpur, Jharkhand 831001, India"
428013,1843,Tanndoori Hut,Adityapur,--,Too Few Ratings,200,"Chinese,Indian","Tanndoori Hut, H NO. 32, GURUDWARA BASTI, OUTER CIRCLE ROAD, BISTUPUR, JAMSHEDPUR - 831001"
116273,1870,New Gangour Sweets (Bistupur),Adityapur,4.3,100+ ratings,99,Sweets,"New Gangour Sweets (Bistupur), Main road Bistupur"
478936,1873,Momo Nation Cafe,Adityapur,3.8,50+ ratings,200,"Nepalese,Chinese","Momo Nation Cafe, Shop No. 21, Millennium Tower, R-Road, BIstupur, P.O. & P.S. Bistupur, Jamshedpur, Jamshedpur Urban, Purbi Singhbhum, Jharkhand-831001"
477627,1888,NIC Natural Ice Creams,Adityapur,4.4,500+ ratings,120,"Ice Cream,Desserts","NIC Natural Ice Creams, 1st Floor, Outer Circle Rd, Dey Complex, Building No.5, near Kantilal Medica Hospital, South Park, Bistupur, Jamshedpur, Jharkhand 831001"
437616,1904,Haldiram's Prabhuji,Adityapur,4.0,100+ ratings,300,"North Indian,South Indian","Haldiram's Prabhuji, H.No. 2, Sura Bhawan, Bistpur, Near Gangotri House Jamshedpur, Jharkhand, JJ Heights 831001"
550910,1912,BANARASI PAAN CAFE,Adityapur,--,Too Few Ratings,100,Paan,"BANARASI PAAN CAFE, BANARASI PAAN CAFE KST-09 P&M HiTech City Centre, Jamshedpur, Jugsalai,  Jamshedpur, Purbi Singhbhum, Jharkhand  - 831001"
342366,1915,Chowringhee Square,Adityapur,3.5,20+ ratings,250,"Biryani,North Indian","Chowringhee Square, PM MALL, BISTUPUR, JAMSHEDPUR"
557008,1926,Kanya Restaurant,Adityapur,4.1,500+ ratings,200,"North Indian,Chinese","Kanya Restaurant, PLOT NO 2606 BLOCK NO 1 SHASTRINAGAR KADMA"
97199,1929,Domino's Pizza,Adityapur,4.1,50+ ratings,400,Pizzas,"Domino's Pizza, ROSHAN TOWER,FIRST FLOORBISTUPUR MAIN ROADBESIDE SACHDEV CYCLE MARTJAMSHEDPURJAMSHEDPURJHARKHAND831001"
134569,1981,Motel Madhuban,Adityapur,4.1,100+ ratings,499,"Indian,Chinese","Motel Madhuban, MAIN ROAD,INDUSTRIAL AREA ADITYAPUR,JAMSHEDPUR"
183009,2058,Baker Street,Adityapur,4.1,100+ ratings,150,Bakery,"Baker Street, NEAR HERO SHOWROOM,DIAGOANAL ROAD, BISTUPUR, JAMSHEDPUR"
174586,2061,Dasaprakash,Adityapur,4.3,100+ ratings,400,"South Indian,North Indian","Dasaprakash, ASHIRWAD BUILDING,OUTER CIRCLE ROAD,BISTUPUR"
494588,2065,Kailash Parbath,Adityapur,--,Too Few Ratings,400,"Chaat,Biryani","Kailash Parbath, KT09,FOOD COURT ,P&M&HITECH MALL  BISTUPUR, Bistupur, Muncipality, Purbi  Singhbhum, Jharkhand - 831001"
102042,2109,Biryani House,Adityapur,2.9,20+ ratings,499,"Biryani,Indian","Biryani House, Crystal Square, kharkhai road link road, Bistupur, Jamshedpur"
431339,2118,Little Metro,Adityapur,3.9,100+ ratings,200,"North Indian,Chinese","Little Metro, Bhadani Trade Center, R. Road, (near  rollacosta), Jamshedpur-831001, Kadma,  Muncipality, Purbi Singhbhum,  Jharkhand-831001"
109550,2130,The Madrasi Hotel,Adityapur,4.3,100+ ratings,299,South Indian,"The Madrasi Hotel, 10, J.Road, Bistupur, Jamshedpur"
477628,2135,Grameen Kulfi,Adityapur,4.5,100+ ratings,120,"Ice Cream,Desserts","Grameen Kulfi, 1st Floor, Outer Circle Rd, Dey Complex, Building No.5, near Kantilal Medica Hospital, South Park, Bistupur, Jamshedpur, Jharkhand 831001"
129550,2149,Asian Inn,Adityapur,4.0,1K+ ratings,399,"Indian,Tandoor","Asian Inn, 89, DHATIDIH MARKET , DATKIDIH"
387674,2171,Biggies Burger,Adityapur,3.8,100+ ratings,300,"American,Fast Food","Biggies Burger, H NO. - NIL04, KASHI KUNJ, ROAD NO. - 2 BISTUPUR, MUNICIPALITY, PURBI SINGHBHUM, JHARKHAND - 831001"
183165,2174,Kaveri (Adityapur),Adityapur,3.5,100+ ratings,200,Indian,"Kaveri (Adityapur), NIT, M-3, ADITYAPUR, JAMSHEDPUR"
310273,2185,Scoops Of Joy,Adityapur,--,Too Few Ratings,200,"Ice Cream,Desserts","Scoops Of Joy, 3RD FLOOR, DREAM HEIGHTS BUILDING, Q ROAD, SOUTH PARK, BISTUPUR, JAMSHEDPUR"
293915,2188,Subway,Adityapur,3.3,100+ ratings,350,"Healthy Food,Salads","Subway, Road no. 2, Contractors area, Bistupur, Jamshedpur"
131676,2196,Deep Chinese Fast Food,Adityapur,--,Too Few Ratings,200,Chinese,"Deep Chinese Fast Food, Line no 1 holding no. 4 gurudwara basti, bistupur, jamshedpur"
109258,2201,What's up Food,Adityapur,3.6,20+ ratings,200,Chinese,"What's up Food, Inner Circular Road, TMH Back Gate, Near Shambhu Paan Bhandhar, Bistupur, Jamshedpur"
483552,2205,AUROUS RESTRO LOUNGE,Adityapur,4.0,100+ ratings,500,"Continental,American","AUROUS RESTRO LOUNGE, SHANGRILLA TOWER 1ST FLOOR  SHANGRILLA TOWER,SB SHOP AREA MAIN  ROAD,BISTUPUR, Bistupur, Muncipality,  Purbi Singhbhum, Jharkhand - 831001"
517939,2231,The Novelty,Adityapur,2.7,20+ ratings,249,"South Indian,Chinese","The Novelty, M- 4 , NIT Coperative Society , NIT Main  Road , Adityapur 2 , District - Saraikela  Kharaswan , Jharkhand , ADITYAPUR-2,  ROAD NO- 3,4,5,6,7,8,9,10, NAGAR NIGAM  (ADITYAPUR), Saraikela, Jharkhand -"
154840,2258,Anand,Adityapur,4.3,500+ ratings,299,"South Indian,Indian","Anand, 7 J-road bistupr"
494001,2261,Kolkata Biryani - Jugsalai,Adityapur,3.8,50+ ratings,150,Biryani,"Kolkata Biryani - Jugsalai, Near jugsalai Railway fatak, Jugsalai, P.O & P.SJugsala, Churda,Patamda,purbi Singhbhum,Jharkhand,831006"
489362,2276,Mahi Momos,Adityapur,--,Too Few Ratings,200,Chinese,"Mahi Momos, J ROAD NEAR MRS.KMPM VOCATIONAL  COLLEGE BISTUPUR JAMSHEDPUR,  Bistupur, Muncipality, Purbi Singhbhum,  Jharkhand - 831001"
510109,2292,The Bawarchi,Adityapur,2.5,20+ ratings,150,"North Indian,Chinese","The Bawarchi, GNS Tower, Ram Das Bhatta, Bistupur, Jamshedpur, Jharkhand 831005"
249335,2300,BEYOND TEMPTATION,Adityapur,3.3,20+ ratings,199,"Pizzas,Pastas","BEYOND TEMPTATION, E/3, RAM DAS BHATTA ROAD, MUNCIPALITY"
174458,2303,Milanee s Kitchen,Adityapur,4.2,100+ ratings,399,"Bengali,Indian","Milanee s Kitchen, J Road, infront of women's college, bistupur, jamshedpur"
129691,2314,Al Karim Fast Food,Adityapur,4.2,100+ ratings,200,"Street Food,Chinese","Al Karim Fast Food, DHATKIDIH , B BLOCK , LINE NO 01 , H NO 04 ,NEAR KIDS INTERNATIONAL PLAY  SCOOL"
139864,2317,Raj Sweets and Snackes (Sindhi),Adityapur,3.7,20+ ratings,200,"Indian,South Indian","Raj Sweets and Snackes (Sindhi), Raj Sweets, Main Road Bistupur, Near Auto stand, Opposite Canara Bank, Jamshedpur"
486482,2369,The Moti Mahal,Adityapur,3.2,100+ ratings,399,"Indian,Chinese","The Moti Mahal, BESIDE CHAGANLAL JEWELERS OPP  FLOWER SHOP BISTUPUR MARKET,  Bistupur, Muncipality, Purbi Singhbhum,  Jharkhand - 831001"
109839,2446,Manohar Maharaj & Sons,Adityapur,4.3,50+ ratings,100,"South Indian,Chaat","Manohar Maharaj & Sons, 1/14, Bistupur Market, Bistupur, Jamshedpur"
102219,2449,Chinese Inn,Adityapur,4.2,50+ ratings,399,"Chinese,Indian","Chinese Inn, Contractors area, Bistupur, Jamshedpur"
364571,2453,DELLISH,Adityapur,3.6,20+ ratings,300,"Chinese,Continental","DELLISH, H NO. - NIL 32, 8TH AVENUE, SOUTHERN TOWN, BISTUPUR, P.O. & P.S,  BISTUPUR, MUNICIPALITY, PURBI SINGHBHUM (JHARKHAND) - 831001"
413342,2497,Ramesh Kulfi,Adityapur,3.3,20+ ratings,200,"Chinese,North Indian","Ramesh Kulfi, Masala Patti Bistupur,Near Fruit  Market,Jamshedpur,Jamshedpur Urban,Purbi Singhbhum,Jharkhand-831001"
387177,2506,New Gangour Sweets,Adityapur,4.1,50+ ratings,200,"Sweets,Snacks","New Gangour Sweets, SBI BUILDING, RAILWAY CROSSING, JUGSALAI, JAMSHEDPUR22"
141706,2518,Fakira Chanachur,Adityapur,4.3,20+ ratings,199,Snacks,"Fakira Chanachur, MAIN ROAD CO KIOSK, B.20 B INFRONT KAMANI CENTRE, BISTUPUR, JAMSHEDPUR"
501701,2523,Yash Siddhant Takeaway,Adityapur,--,Too Few Ratings,100,"South Indian,Chinese","Yash Siddhant Takeaway, Chowk bazar opposite Bank of  Baroda Jugsalai ,  Jamshedpur, Purbi Singhbhum, ,  Jharkhand"
456922,2537,Sehat World,Adityapur,3.8,20+ ratings,50,"Beverages,Italian","Sehat World, E3 RoadRam Das BhattaBistupur Jamshedpur Jharkhand 831001India"
102582,2559,Brubeck Bakery,Adityapur,4.1,100+ ratings,200,"Bakery,Desserts","Brubeck Bakery, Dcosta mansion, main road Bistupur"
405031,2562,Annapurna,Adityapur,4.2,20+ ratings,200,"Chinese,Tandoor","Annapurna, HOTEL CASTLE,ROAD NO - 2,CONTRACTOR'S AREA,BISTUPUR, Jamshedpur Urban, Purbi Singhbhum(Jharkhand) -831001"
263185,2573,The Chocolate Room,Adityapur,3.7,20+ ratings,400,"Bakery,Beverages","The Chocolate Room, SHOP NO - 2 ,JYOTI APARTMENT CONTRACTOR'S AREA , BISTUPUR"
109549,2576,Le Bon,Adityapur,4.2,100+ ratings,399,"Bakery,Pizzas","Le Bon, Aviskar Tower, Inner Circle Road, Bistupur"
487422,2584,Foodie Baba,Adityapur,--,Too Few Ratings,200,"Chinese,South Indian","Foodie Baba, M-43, RIT, Co-operative society, Ichhapur Durgapuja Maidan, Gwalapara, Adityapur-2, Adityapur, Jamshedpur"
163436,2589,New Chappan Bhog - Bistupur,Adityapur,4.3,20+ ratings,200,"Sweets,Snacks","New Chappan Bhog - Bistupur, chappan bhog, bistupur, main road"
282630,2593,TIME OUT,Adityapur,4.1,100+ ratings,299,"Chaat,South Indian","TIME OUT, Road no.3, contractors area, Bistupur, Jamshedpur"
255651,2619,GUAVA - ALL DAY BISTRO,Adityapur,3.8,50+ ratings,300,"Chinese,Biryani","GUAVA - ALL DAY BISTRO, ASL Tower, Lower Ground Floor, Road No. 4, Contractors Area, Bistupur, Jamshedpur, Jamshedpur Urban, Purbi Singhbhum(Jharkhand) -831001"
549624,2646,Laziz Biryani,Adityapur,--,Too Few Ratings,150,Biryani,"Laziz Biryani, Ground Floor, GNS Tower, Ram Das  Bhatta, Bistupur, Muncipality, Purbi  Singhbhum, , Jharkhand, 831001"
413451,2649,Chulha Chauka,Adityapur,3.5,20+ ratings,100,"Thalis,Indian","Chulha Chauka, Near Royal Enfield Service Center - Ndg Motors Pvt. Ltd. Front of Munilal Hotel."
523044,2664,Olive  Multicuisine Restaurant,Adityapur,4.0,50+ ratings,300,"Chinese,North Indian","Olive  Multicuisine Restaurant, HOTEL GRAND RESIDENCY KADMA  JAMSHEDPUR PS KADMA, Kadma,  Jamshedpur, Purbi Singhbhum, Jharkhand  - 831005"
102038,2680,Hong Kong,Adityapur,4.0,20+ ratings,400,Chinese,"Hong Kong, Contractors Area, Near The Sonnet Hotel, Bistupur, Jamshedpur"
403754,2688,BAKING BOND,Adityapur,4.4,20+ ratings,199,"Bakery,Desserts","BAKING BOND, H NO. 6, GYATRI ENCLAVE, KHAO GALI, BISTUPUR, JAMSHEDPUR - 831001"
545808,2691,MUMMY SPECIAL KITCHEN,Adityapur,--,Too Few Ratings,250,"Indian,Chinese","MUMMY SPECIAL KITCHEN, Near J Road,Bistupur,PURBI SINGBHUM ,  Jamshedpur -831001"
439417,2702,DESI BIDESI,Adityapur,--,Too Few Ratings,200,North Indian,"DESI BIDESI, D B FOODS & SERVICES, SHOP NO -1 , BUMBRA ENCLAVE DIAGONAL ROAD, BISTUPUR, JAMSHEDPUR, Muncipality, Purbi Singhbhum, , Jharkhand, 831001"
390478,2705,Puja Bhojnalaya,Adityapur,--,Too Few Ratings,200,"Indian,Biryani","Puja Bhojnalaya, Puja Bhojnalay, Bistupur, Near Blue Sapphire,Bistupur Market,Bistupur-831001"
103649,2757,Blooms,Adityapur,3.8,50+ ratings,250,Indian,"Blooms, Aditya tower Bistupur main road"
430451,2834,Chai Break,Adityapur,4.3,20+ ratings,400,"North Indian,Chinese","Chai Break, Regal Square, 3rd Floor, Opp. Regal Ground, Bistupur, P.O. & P.S. Bistupur, Jamshedpur, Jamshedpur Urban, Purbi Singhbhum, Jharkhand-831001"
518548,2837,BIRYANI  WALE,Adityapur,2.4,50+ ratings,200,Biryani,"BIRYANI  WALE, Q5WG+F73, Ram Das Bhatta, Bistupur, Jamshedpur, Jharkhand 831005, India"
518819,2841,Kebabchi,Adityapur,--,Too Few Ratings,300,"Indian,Snacks","Kebabchi, MUNESHWARI BHAWAN, ROAD NO 2, B1, CONTRACTORS AREA, PS BISTUPUR,, Bistupur, Muncipality, Purbi Singhbhum, Jharkhand - 831001"
447526,2885,Pizza Peddler,Adityapur,3.8,50+ ratings,200,"Pizzas,Pastas","Pizza Peddler, SHOP NO. 21, DHATKIDIH MARKET,  DHATKIDIH, Muncipality, Purbi  Singhbhum, , Jharkhand, 831001"
102579,2894,Veggie Corner( Hotel Nataraj),Adityapur,4.3,20+ ratings,499,"Pizzas,South Indian","Veggie Corner( Hotel Nataraj), Bistupur Main Road, Bistupur, Jamshedpur"
126128,2906,Dosa king,Adityapur,--,Too Few Ratings,200,South Indian,"Dosa king, Bistupur main road"
518803,2911,Bhatia Milkshake,Adityapur,4.3,20+ ratings,299,Beverages,"Bhatia Milkshake, 8,9 C-1, FRUIT MARKET, BISTUPUR,  JAMSHEDPUR, Bistupur, Muncipality, Purbi  Singhbhum, Jharkhand - 831001"
377434,2925,Candle light,Adityapur,--,Too Few Ratings,250,"Indian,Chinese","Candle light, 2nd floor, bhagwan das building , beside P C jwellers, main road , bistupur - 831001"
442180,2947,RECIPE,Adityapur,--,Too Few Ratings,300,"Indian,Bengali","RECIPE, HOLDING NO- Nil , SITUATED Q ROAD SOUTH PARK AREA, BISTUPUR, MUNCIPALITY, PURBI SINGHBHUM, JHARKHAND -831001"
129551,2950,Equinox,Adityapur,4.5,20+ ratings,400,"Indian,Chinese","Equinox, The Sonnet Hotel, Contractor Area"
577891,2961,THE BOULANGERIE,Adityapur,--,Too Few Ratings,300,"Bakery,Burgers","THE BOULANGERIE, P.O.-RAKHA COPPER PROJECT,JADUGORA,TETULDANGA, Rakha Copper Project, Ghatsila, Purbi Singhbhum, Jharkhand - 831001"
462172,2964,MOTHER'S BAKERY,Adityapur,--,Too Few Ratings,200,Bakery,"MOTHER'S BAKERY, 53/2/4, Road no 17, Adityapur 1, site no. 1 , beside patanjali store"
104481,2972,Thanco's Natural Ice Cream,Adityapur,4.5,20+ ratings,299,Ice Cream,"Thanco's Natural Ice Cream, Bistupur main road"
536499,2977,Gopalram Restaurant,Adityapur,--,Too Few Ratings,100,"South Indian,Chinese","Gopalram Restaurant, Road no 2, contractors area,  bistupur, jamshedpur, Muncipality,  Purbi Singhbhum, , Jharkhand"
532670,2981,MEDIVALS MEAL,Adityapur,--,Too Few Ratings,250,"Chinese,Indian","MEDIVALS MEAL, Q5WG+F73, Ram Das Bhatta, Bistupur, Jamshedpur, Jharkhand 831005, India"
113036,3007,Kwality,Adityapur,4.0,20+ ratings,499,"Indian,Chinese","Kwality, Main Road Bistupur"
536328,3034,Chinese Fusion,Adityapur,--,Too Few Ratings,200,Indian,"Chinese Fusion, GNS Tower, Ram Das Bhatta, Bistupur, Jamshedpur, Jharkhand 831005"
109548,3037,Bon Appetit,Adityapur,4.1,20+ ratings,300,"Indian,Chinese","Bon Appetit, Aviskar Tower, Bistupur Inner Circle Road"
364627,3052,JH05 Cafe,Adityapur,--,Too Few Ratings,200,"Chinese,Beverages","JH05 Cafe, COKE DEPO, M ROAD, BISTUPUR, P.O. & P.S. Bistupur, Muncipality, Purbi Singhbhum (Jharkhand), - 831001"
104147,3068,Social 75,Adityapur,4.0,20+ ratings,399,"Continental,Indian","Social 75, Aditya Tower, Bistupur main road, Jamshedpur"
553404,3076,AADD M AADD B,Adityapur,--,Too Few Ratings,180,"Ice Cream,Beverages","AADD M AADD B, Q5VM+2JC, N Rd, South Park, Bistupur, Jamshedpur, Jharkhand 831001, India"
271964,3079,Baskin Robbins,Adityapur,4.6,50+ ratings,250,"Desserts,Ice Cream","Baskin Robbins, EW20,MAIN ROAD, BISTUPUR NEAR BANK OF BARODA JAMSHEDPUR EAST SINGHBHUM, JHARKHAND"
102041,3090,Blue Sapphire,Adityapur,--,Too Few Ratings,200,"Indian,Biryani","Blue Sapphire, Shop No. 6A, Line No. 4, Bistupur Market, Jamshedpur"
497063,3093,BAMBOO CAFE,Adityapur,--,Too Few Ratings,100,"Indian,Chinese","BAMBOO CAFE, G.NS TOWER RAMDAS BHATTA BISTUPUR"
378028,3145,Sagar's Kitchen Kraft,Adityapur,3.7,50+ ratings,199,"Indian,Chinese","Sagar's Kitchen Kraft, HOLDING NO 1, LINE NO 4, BISTUPUR MARKET, BESIDE SAGAR SWEETS,  PurbiSinghbhum, Jharkhand-831001"
549633,3222,Pajji Da Lassi,Adityapur,--,Too Few Ratings,100,Beverages,"Pajji Da Lassi, Ground Floor, GNS Tower, Ram Das  Bhatta, Bistupur, Muncipality, Purbi  Singhbhum, , Jharkhand, 831001"
143194,3225,Fakira Chanachur (Tulsi Bhawan),Adityapur,--,Too Few Ratings,100,"Indian,Snacks","Fakira Chanachur (Tulsi Bhawan), 30 TULSI BHAWAN, BISTUPUR, JAMSHEDPUR"
327008,3229,The Food Circus,Adityapur,--,Too Few Ratings,299,"Chinese,Continental","The Food Circus, Contractors Area Road No 2, Contractors Area, Bistupur, Jamshedpur, Jharkhand, India"
497638,3273,Crunchicken,Adityapur,--,Too Few Ratings,300,"Indian,American","Crunchicken, Shop No. 21, Millennium Tower, R-Road, BIstupur, P.O. & P.S. Bistupur, Jamshedpur, Jamshedpur Urban, Purbi Singhbhum, Jharkhand-831001"
580202,3282,Delight Foods,Adityapur,--,Too Few Ratings,200,Indian,"Delight Foods, H.no DE3 Rani kudar Rd bhatta shop kadma"
377292,3294,SAGAR SWEETS,Adityapur,--,Too Few Ratings,250,"Indian,Snacks","SAGAR SWEETS, L4/1, Bistupur Market, P.O. & P.S. Bistupur , Jamshedpur Urban, Purbi Singhbhum, Jharkhand-831001"
102571,3299,Spice Zone( Hotel Nataraj),Adityapur,--,Too Few Ratings,250,Indian,"Spice Zone( Hotel Nataraj), Natraj Mansion Main Road Bistupur - 831001"
476303,3313,Lion's Pride,Adityapur,3.5,20+ ratings,200,North Indian,"Lion's Pride, KRISHNA KUNJ  INNER CIRCLE ROAD"
451742,3335,Mainland India,Adityapur,--,Too Few Ratings,200,"Indian,Thalis","Mainland India, 2ND FLOOR, ADITYA TOWER, MAIN  ROAD, BISTUPUR, JASMHEDPUR,  Muncipality, Purbi Singhbhum, ,  Jharkhand, 831001"
451743,3338,So china,Adityapur,--,Too Few Ratings,299,"Chinese,Tibetan","So china, 2ND FLOOR, ADITYA TOWER, MAIN  ROAD, BISTUPUR, JASMHEDPUR,  Muncipality, Purbi Singhbhum, ,  Jharkhand, 831001"
116272,3349,Cafe Regal,Adityapur,--,Too Few Ratings,200,"Fast Food,Snacks","Cafe Regal, 33, Regal building, Bistupur main road"
102581,3352,Chopsticks,Adityapur,3.3,20+ ratings,499,"Indian,Chinese","Chopsticks, Dcosta mansion, main road Bistupur"
508701,3360,Momo Kitchen,Adityapur,--,Too Few Ratings,200,"Chinese,Snacks","Momo Kitchen, A, Rd no.4,phase-2, Anand vihar, Adityapur, Jamshedpur, Jharkhand 832109, India"
549383,3365,AL- HUSSAIN RESTAURANT,Adityapur,--,Too Few Ratings,300,"Chinese,Biryani","AL- HUSSAIN RESTAURANT, SHOP NO. 2 , DHATKIDIH MARKET AREA, BISTUPUR, MUNICIPALITY, PURBI SINGBHUM , JHARKHAND -831001"
440950,3369,Taste of China,Adityapur,--,Too Few Ratings,199,"Chinese,Thai","Taste of China, SHOP NO. 89, DHATKIDIH MARKET,  BISTUPUR, Muncipality, Purbi  Singhbhum, , Jharkhand, 831001"
355561,3395,TAZ CAKES N MOUSSE.,Adityapur,--,Too Few Ratings,200,Desserts,"TAZ CAKES N MOUSSE., SULTANIA MANSION , PURANI BASTI  ROAD, INFRONT OF AL MADINA MEDICAL  STORE, JUGSALAI , JAMSHEDPUR 831006,  Jugsalai, Jamshedpur Urban, Purbi  Singhbhum, Jharkhand-831006"
462505,3422,Tasty Spoon & Gungun Tiffin,Adityapur,--,Too Few Ratings,200,"Indian,Chinese","Tasty Spoon & Gungun Tiffin, Krishna complex Near vishwakarma mandir Barbera db road"
186264,3425,New US Pizza,Adityapur,3.6,100+ ratings,299,"Pizzas,Snacks","New US Pizza, J P Road, Bagbera Colony, Jugsalai, Jamshedpur, Jharkhand, India"
211142,3440,Bhook Pyaas,Adityapur,3.5,20+ ratings,200,"Chinese,Indian","Bhook Pyaas, Station Road, Kumar Chowk, Jugsalai, Jamshedpur, Jharkhand, India"
489422,3456,Aditi Foods,Adityapur,3.8,20+ ratings,100,Indian,"Aditi Foods, D B M S Canteen Road No-7 B,H area, Municipality, Purbi Singbhum, Jharkhand, 831005"
401391,3464,Chinimama,Adityapur,4.3,20+ ratings,199,"Chinese,Biryani","Chinimama, Block No. 92/2/4, Road No. 3, Bagbera  Colony, Bagbera, Jamshedpur, Purbi  Singhbhum, Jharkhand - 831002"
354669,3467,Brunch Italino (Kadma Market),Adityapur,3.9,20+ ratings,200,"Bakery,Desserts","Brunch Italino (Kadma Market), KADMA BAZAAR, BESIDE SWEET MART,  Purbi Singhbhum, Jharkhand-831005"
519622,3478,Rajasthan Sharma Hotel,Adityapur,--,Too Few Ratings,200,"Sweets,Snacks","Rajasthan Sharma Hotel, PLOT NO. 70-71, STRAIGHT MILE ROAD, MAIN ROAD DHATKIDIH, P.O & P.S, BISTUPUR, JAMSHEDPUR, JAMSHEDPUR URBAN, PURBI SINGHBHUM, JHARKHAND - 831001"
153339,3481,Chef Corner,Adityapur,3.9,500+ ratings,299,"Indian,Chinese","Chef Corner, 1ST FLOOR,SARLA COMPLEX, KADMA MARKET"
443028,3533,Brunch Italiano,Adityapur,--,Too Few Ratings,200,"Bakery,Desserts","Brunch Italiano, Station Road, Opp. Chappan Bhog, Near  Railway Station, Jugsalai, Jugsalai,  Jamshedpur, Purbi Singhbhum, Jharkhand  - 831002"
226773,3610,AB Palace,Adityapur,3.4,20+ ratings,200,"Chinese,Indian","AB Palace, HOTEL AB PALACE, STATION ROAD, JUGSALAI, JAMSHEDPUR"
385197,3613,Mathura Mistan Bhandar,Adityapur,4.5,100+ ratings,200,"Sweets,Snacks","Mathura Mistan Bhandar, Kadma Bazar,Jamshedpur, Jharkhand-831005"
431115,3617,Bs Bakery & Cafe,Adityapur,--,Too Few Ratings,200,"Bakery,Desserts","Bs Bakery & Cafe, 1ST FLOOR, HOTEL MERIDIAN, STATION ROAD, JAMSHEDPUR, Jugsalai, Jamshedpur, Purbi Singhbhum, Jharkhand-831002"
508583,3661,MUMBAI CHAT,Adityapur,--,Too Few Ratings,100,Chaat,"MUMBAI CHAT, MODI PARK BISTUPUR JAMSHEDPUR"
132538,3670,Pizzapuram,Adityapur,3.7,100+ ratings,200,"Pizzas,Italian","Pizzapuram, C H AREA, ROAD NO 5, BANGLOW NO 11,NEAR KIDZEE SCHOOL, SONARI,JAMSHEDPUR"
394140,3682,SURESH SOUTH INDIAN KITCHEN,Adityapur,--,Too Few Ratings,200,South Indian,"SURESH SOUTH INDIAN KITCHEN, MATHURA MISTAN BHANDAR ROAD, KADMA, JAMSHEDPUR, PURBI SINGHBHUM, JHARKHAND - 831005"
124500,3687,Gopal Dosa,Adityapur,4.1,100+ ratings,100,South Indian,"Gopal Dosa, jubliee Park gate, Sackhi, Sakchi, Jamshedpur"
370259,3701,Apna Adda,Adityapur,4.1,50+ ratings,150,"Chinese,Snacks","Apna Adda, Flat No. C3 / 1,4th Floor,Shri Sharda Krishna Apartment,Dhananjay Path,Uliyan,Kadma,Jamshedpur,Purbi Singhbhum,Jharkhand-831005"
533855,3723,Aryan Maggi Stall,Adityapur,--,Too Few Ratings,150,"Fast Food,Pastas","Aryan Maggi Stall, Outer Circle road, Gwalpara, Kadma, Jamshedpur, Purbi Singhbhumi, Jharkhand, 831005"
125180,3726,Babu Moshai,Adityapur,4.0,50+ ratings,349,"Indian,Chinese","Babu Moshai, SHIVA USHA COMPLEX, ULLIYAN KADMA"
263297,3737,Junction Restaurant,Adityapur,3.7,1K+ ratings,399,"Indian,Biryani","Junction Restaurant, 53,SAKCHI, NEW PLANNING AREA, THAKURBARI ROAD, PURBI SINGHBHUM"
410629,3740,Mintelaa,Adityapur,--,Too Few Ratings,1000,"Chinese,Indian","Mintelaa, 3RD FLOOR, BASANT CENRAL, HANDI LINE ,PO PS SAKCHI JAMSHEDPUR, PurbiPremises Address Singhbhum, Jharkhand-831001"
461084,3748,The Bihari  Resturant,Adityapur,4.4,50+ ratings,200,"North Indian,Snacks","The Bihari  Resturant, Right side from kali Mandir, 416 A, Ecc Flat Ulliyan, kadma Jamshedpur Near-Kerala Public School, Jamshedpur, Jharkhand 831005"
499377,3753,DELIGHT FOOD CORNER,Adityapur,--,Too Few Ratings,100,Chinese,"DELIGHT FOOD CORNER, H.NO 20 ASHOK PATH DOWN BABA LOKNATH PATH BHATIA BASTI"
390901,3757,Delhi Darbar (Sakchi ),Adityapur,3.7,100+ ratings,200,"Chinese,Biryani","Delhi Darbar (Sakchi ), 1 , GROUND FLOOR , SARKAR BUILDING,  OLD PURULIA RD, SAKCHI, Sakchi,  Muncipality, Purbi Singhbhum, Jharkhand  - 831001"
127306,3783,Shyam Store,Adityapur,--,Too Few Ratings,250,"Indian,Chinese","Shyam Store, BANGLA NO.17 BACK SIDE CH AREA , NEAR SBI BNK XLRI, BISTUPUR"
111386,3810,The Hungry Bird,Adityapur,3.9,500+ ratings,300,"North Indian,Chinese","The Hungry Bird, 6, Infront of astha cottage, uliyan, sonari, Jamshedpur"
308169,3813,FOODILICIOUS,Adityapur,--,Too Few Ratings,400,Indian,"FOODILICIOUS, HOUSE NO 2  BAJRANG PATH ULIYAN KADMA JAMSHEDPUR Muncipality Purbi Singhbhum Jharkhand 831005"
537808,3828,The Kannelite,Adityapur,--,Too Few Ratings,599,"Indian,Snacks","The Kannelite, PLOT NO 2002, WARD NO 07, SAKCHI MAIN  ROAD BESIDE POLICE STATION,  Dhalbhumgarh, Purbi Singhbhum,  Jharkhand-831001"
433648,3844,Manohar Chat,Adityapur,4.1,100+ ratings,150,"Chinese,Chaat","Manohar Chat, Handi Line, Sakchi Market, Purbi Singhbhum, Sakchi, Jamshedpur"
115931,3852,Dosa Hut,Adityapur,4.0,100+ ratings,200,"South Indian,Chinese","Dosa Hut, 101, Alison's Apartment Aambagan, Sakchi, Jamshedpur"
579047,3855,Cook'S Corner,Adityapur,--,Too Few Ratings,200,"Chinese,Indian","Cook'S Corner, Singh Complex Balajee Nagar Govindpur Chota Govindpur"
174464,3866,Chicago Pizza,Adityapur,3.1,100+ ratings,299,"Pizzas,Pastas","Chicago Pizza, 1ST FLOOR,HOLDING NO 39, OPPOSITE BASANT CINEMA, SAKCHI JAMSHEDPUR"
163435,3869,New Chappan Bhog - Sakchi,Adityapur,4.3,100+ ratings,200,"Sweets,Snacks","New Chappan Bhog - Sakchi, KALIMATI ROAD, OPP. SAKCHI GURUDWARA"
417015,3921,Laziz Pizza,Adityapur,3.9,100+ ratings,300,"Pizzas,Beverages","Laziz Pizza, JAYANT BUILDING, H.NO-2, S.N.P AREA,  SAKCHI, Sakchi, Muncipality, Purbi  Singhbhum, Jharkhand - 831001"
376602,3998,SAKCHI MISTAN BHANDAR,Adityapur,4.2,100+ ratings,200,"Sweets,Snacks","SAKCHI MISTAN BHANDAR, 2/2, HOTEL LINE, JHANDA CHOWK, SAKCHI, P.O & P.S. SAKCHI, JAMSHEDPUR URBAN, PURBI SINGHBHUM (JHARKHAND) - 831001"
546139,4001,BIKKGANE BIRYANI,Adityapur,4.1,100+ ratings,350,"Biryani,Hyderabadi","BIKKGANE BIRYANI, House No. 0053, Thakur Bari Road, Sakchi New Planning Area, Jamshedpur, Purbi Singhbhum, Jharkhand-831001"
102578,4005,Campus Adda,Adityapur,3.9,100+ ratings,200,"Chinese,Biryani","Campus Adda, Parulia Highway, Sakchi Market, Sakchi, Jamshedpur"
503432,4049,NEW KOLKATA ARSALAN BIRYANI,Adityapur,3.8,50+ ratings,250,"Biryani,Fast Food","NEW KOLKATA ARSALAN BIRYANI, SHOP NO 24-01, MUHRI LINE , SAKCHI , JAMSHEDPUR , PURBI  SINGBHUM , JHARKHAND 831001"
514288,4058,Pizza Campus,Adityapur,--,Too Few Ratings,150,"Fast Food,Pizzas","Pizza Campus, Sakchi, Behind Ravidnranath Tygore School,  Jamshedpur, Sakchi, Jharkhand- 831001"
552372,4070,Deep Delighted Kitchen,Adityapur,--,Too Few Ratings,150,"Chinese,Snacks","Deep Delighted Kitchen, Subarnarekha link Road , Sakchi, Golmuri,  Jamshedpur, Purbi Singhbhum, Jharkhand  - 831001"
385938,4075,Biryani By Kilo,Adityapur,4.1,500+ ratings,600,"Biryani,Hyderabadi","Biryani By Kilo, HOLDING NO-16,MILLS & GODOWN ROAD AREA, KALI MATI ROAD,BLOCK-JAMSHEDPUR"
164297,4089,American Waffle House,Adityapur,4.1,100+ ratings,200,"Waffle,Ice Cream","American Waffle House, Sakchi, Aambagarn, beside keventers"
579040,4111,Chai Sutta Bar,Adityapur,--,Too Few Ratings,200,"Beverages,Fast Food","Chai Sutta Bar, ground floor, avishkar building, \\\\r\\\\nbeside mahindra showroom, \\\\r\\\\nkharkai link road, Jamshedpur, \\\\r\\\\nPurbi Singhbhum, Jharkhan, \\\\r\\\\nMuncipality, Purbi Singhbhum, , \\\\r\\\\nJ"
539663,4114,New Dolphin Bakery,Adityapur,--,Too Few Ratings,250,Bakery,"New Dolphin Bakery, Shop No 27, Ambagan Masjid Complex, Sakchi, Jamshedpur, Jamshedpur, Purbi Singhbhum, Jharkhand- 831001"
120193,4125,Lakhi Egg Roll & Caterer,Adityapur,3.5,100+ ratings,299,"Chinese,Indian","Lakhi Egg Roll & Caterer, H-38, Sakchi Market, Near Basant Talkies"
102631,4128,The White Rose,Adityapur,3.9,100+ ratings,499,"Indian,Chinese","The White Rose, Taj Building, 30 Aambagan Sakchi"
189441,4136,The Belgian Waffle Co.,Adityapur,4.5,100+ ratings,200,"Beverages,Desserts","The Belgian Waffle Co., RISHAB SHANTI APARTMENT  142  SHOP NO 2  AAMBAGAN ROAD  SAKCHI  JAMSHEDPUR 831001"
102039,4141,Saffron,Adityapur,4.0,100+ ratings,400,"Indian,Chinese","Saffron, Parulia Highway, Sakchi Market, Sakchi, Jamshedpur"
127463,4145,Brunch Italiano (sakchi),Adityapur,3.7,50+ ratings,300,Bakery,"Brunch Italiano (sakchi), Opposite Shitla Mandir Chowk, Near Vodafone, Sakchi, Jamshedpur"
109387,4171,Uttar Dakshin,Adityapur,3.7,500+ ratings,200,"Indian,Chinese","Uttar Dakshin, Kalimati Road Near Howrah bridge, Sakchi"
306094,4198,SAGAR RESTAURANT,Adityapur,4.1,20+ ratings,299,"Indian,Chinese","SAGAR RESTAURANT, [00007, BLOCK NO 1, SAKCHI MARKET, KALI MATI ROAD, SAKCHI, JAMSHEDPUR URBAN, PURBI JHARKHAND"
102577,4201,Silver Spoon,Adityapur,4.2,100+ ratings,200,Indian,"Silver Spoon, Aam Bagan, sakchi, Sakchi, Jamshedpur"
242722,4216,Pappu Hotel,Adityapur,3.0,100+ ratings,200,"Biryani,Chinese","Pappu Hotel, KALIMATI ROAD, NEAR SAKCHI GURUDWARA, SAKCHI, JAMSHEDPUR"
528374,4232,Shreshtham,Adityapur,3.5,20+ ratings,200,"Snacks,Sweets","Shreshtham, Plot 83, BB Tower, Ground Floor, 1st Floor, 2nd Floor, Near Sitla Mandir, Tank Road, Purbi Singhbhum, Sakchi, Jamshedpur"
355563,4240,Royal Max - Sakchi,Adityapur,--,Too Few Ratings,399,"Bakery,Pizzas","Royal Max - Sakchi, OPPOSITE BLUE DIAMOND RESTAURANT, KALIMATI ROAD, SAKCHI, JAMSHEDPUR - 831001,  Purbi Singhbhum, Jharkhand-831001"
417020,4243,The Biryani Boxx,Adityapur,3.7,20+ ratings,200,"Biryani,Beverages","The Biryani Boxx, JAYANT BUILDING, H.NO-2, S.N.P AREA,  SAKCHI, Sakchi, Muncipality, Purbi  Singhbhum, Jharkhand - 831001"
385636,4254,CAKE PLANET,Adityapur,--,Too Few Ratings,200,"Bakery,Desserts","CAKE PLANET, 16, AAMBAGAN ROAD P.O SAKCHI , Sakchi, Muncipality, Purbi Singhbhum, Jharkhand-831001"
546127,4257,BIRYANI BADSHAH,Adityapur,4.1,50+ ratings,350,"Biryani,Hyderabadi","BIRYANI BADSHAH, House No. 0053, Thakur Bari Road, Sakchi New Planning Area, Jamshedpur, Purbi Singhbhum, Jharkhand-831001"
195788,4309,Tinkoniya Hotel,Adityapur,3.9,50+ ratings,150,"Snacks,Sweets","Tinkoniya Hotel, Sakchi, Jamshedpur, Jharkhand, India"
102040,4386,Pappu Restaurant,Adityapur,3.4,500+ ratings,200,"Indian,Biryani","Pappu Restaurant, Hotel Sagar, 14/4, Nand Singh Area, New Kalimati road"
414252,4389,Jalsa Restaurant,Adityapur,4.3,100+ ratings,200,"Bengali,Indian","Jalsa Restaurant, Holding No-46, SNP area, Thakurbari  Road, P.O and P.S Sakchi, Sakchi,  Jamshedpur Urban, Purbi Singhbhum,  Jharkhand - 831001"
484449,4393,Brother's Chaap and Dhaba,Adityapur,4.0,20+ ratings,200,"North Indian,Snacks","Brother's Chaap and Dhaba, PLOT 3522, DARU BHATTI ROAD, SAKCHI, JAMSHEDPUR - 831001"
530955,4437,A2B  Anirams Aahar Bhavan,Adityapur,--,Too Few Ratings,300,"South Indian,Chinese","A2B  Anirams Aahar Bhavan, GROUND FLOOR, PACIFIC HEIGHT, H.NO-  34, PURULIA HIGHWAY, AMBAGAN,  SAKCHI, JAMSHEDPUR, Sakchi,  Jamshedpur Urban, Purbi Singhbhum,  Jharkhand - 831001"
554195,4446,THE HUNGER OUT,Adityapur,--,Too Few Ratings,200,"North Indian,South Indian","THE HUNGER OUT, Kasidih line no 1, near Sai glasses, near Durga Puja maidan, sakchi jamshedpur,india"
