user_id,name,email,password,Age,Gender,Marital Status,Occupation,Monthly Income,Educational Qualifications,Family size
41,Keith Sheppard,wlewis@example.com,)t2JyIgVzs,30,Male,Married,Self Employeed,More than 50000,Uneducated,4
118,Christopher Lawrence,jfreeman@example.org,(nBK(DJR58,24,Male,Prefer not to say,Self Employeed,More than 50000,Ph.D,2
121,Todd Williams,kathryn65@example.org,n53DA4rHh%,27,Female,Married,Self Employeed,More than 50000,Graduate,5
125,Tyler Mcgee,dawn84@example.org,n!wm4@pcVI,24,Male,Married,Self Employeed,More than 50000,Ph.D,6
169,Marcus Cox,jay29@example.com,+1R0kvpCP4,25,Male,Married,Self Employeed,More than 50000,School,2
178,Veronica Miller,ecastillo@example.com,(b6XRHpfG1,26,Male,Married,Self Employeed,More than 50000,Post Graduate,3
190,Dr. Nathaniel Sanchez,careykyle@example.org,fov_9SzIYH,31,Male,Married,Self Employeed,More than 50000,School,6
195,Amy Wright,nkelly@example.net,98INN(k7*&,24,Female,Married,Self Employeed,More than 50000,Graduate,2
209,Nichole Burnett,coopertimothy@example.org,KN*^6qMgP0,25,Male,Single,Self Employeed,More than 50000,Graduate,2
231,Sarah Berg,frazierdaniel@example.net,d@g1n#Vjtz,29,Male,Single,Self Employeed,More than 50000,Graduate,6
234,Allen Smith,devans@example.com,_7*19xqd^X,26,Male,Prefer not to say,Self Employeed,More than 50000,Post Graduate,2
245,Audrey Adams,hhall@example.net,7#MAilnu)5,30,Male,Married,Self Employeed,More than 50000,Graduate,1
248,Kathleen Jones,rhahn@example.com,%(rpHyAQ@3,25,Male,Single,Self Employeed,More than 50000,School,3
256,Chad Brown,waynejones@example.net,By5HMhs9F_,27,Male,Married,Self Employeed,More than 50000,Graduate,3
261,Casey Rice,philip30@example.com,Vy%3IUzOi_,30,Male,Married,Self Employeed,More than 50000,Graduate,6
265,Dr. Heather Johnson,millerjohn@example.org,#^jlOFzvz9,25,Male,Married,Self Employeed,More than 50000,Post Graduate,4
291,Deborah Norton,dylanwilliams@example.net,+r1^9PBq#8,27,Female,Married,Self Employeed,More than 50000,Graduate,6
318,Teresa Downs,athompson@example.net,@O@9yHOndb,29,Male,Single,Self Employeed,More than 50000,Graduate,6
321,Dawn Bryant,hendrixtodd@example.org,@IYeIkn61f,26,Male,Prefer not to say,Self Employeed,More than 50000,Post Graduate,2
336,Robert Ramirez,ypowers@example.org,^(0Kl4t$q5,25,Male,Single,Self Employeed,More than 50000,Graduate,2
352,Melissa Martin,campbellvanessa@example.org,TwV88Xno7!,25,Male,Single,Self Employeed,More than 50000,Graduate,2
360,Bailey Ford,toddmiller@example.net,@2xVjZh#J8,29,Male,Single,Self Employeed,More than 50000,Graduate,6
363,Margaret Rodriguez,fvasquez@example.net,p6LVXJze#(,26,Male,Prefer not to say,Self Employeed,More than 50000,Post Graduate,2
374,Ashley Young,aguilarmatthew@example.net,4dYBwTxM^7,30,Male,Married,Self Employeed,More than 50000,Graduate,1
377,Casey Martinez,martinezbrittney@example.com,_4E+L%zs@y,25,Male,Single,Self Employeed,More than 50000,School,3
429,Kimberly Brown,jonesbrittney@example.org,*f@hI&oXl2,30,Male,Married,Self Employeed,More than 50000,Uneducated,4
506,Christopher Santana,john04@example.com,J#8^BMTrC_,24,Male,Prefer not to say,Self Employeed,More than 50000,Ph.D,2
509,Stephen Holder,hoodmarc@example.org,f!)I7Xcl$M,27,Female,Married,Self Employeed,More than 50000,Graduate,5
513,Olivia Richmond,ksexton@example.net,r7T4hg*s$y,24,Male,Married,Self Employeed,More than 50000,Ph.D,6
557,Heidi Lee,richard66@example.net,$$X9YL(c@f,25,Male,Married,Self Employeed,More than 50000,School,2
566,Nicholas Bell,michael75@example.org,b+8n7Y6k8s,26,Male,Married,Self Employeed,More than 50000,Post Graduate,3
578,Cassandra Jones,michael93@example.com,y#d)8xWr%0,31,Male,Married,Self Employeed,More than 50000,School,6
583,Leon Poole,bestkaren@example.org,e@^3J(6Rue,24,Female,Married,Self Employeed,More than 50000,Graduate,2
597,Nicole Peterson,wpage@example.org,5*dTv&pr(Z,25,Male,Single,Self Employeed,More than 50000,Graduate,2
619,Daniel Russell,tmeyer@example.org,zA2Qwgh@%(,29,Male,Single,Self Employeed,More than 50000,Graduate,6
622,Brandon Melton,xsmith@example.com,(42lSiWxrX,26,Male,Prefer not to say,Self Employeed,More than 50000,Post Graduate,2
633,Yvonne Smith,cgalvan@example.net,rZ1qRLbFK_,30,Male,Married,Self Employeed,More than 50000,Graduate,1
636,Richard Murray,eturner@example.com,*l4KoQzo^h,25,Male,Single,Self Employeed,More than 50000,School,3
644,Dawn Payne,whitepaul@example.com,O9BYRWcY*9,27,Male,Married,Self Employeed,More than 50000,Graduate,3
649,Timothy Thomas,mindy62@example.org,Ln+0+Aeo#H,30,Male,Married,Self Employeed,More than 50000,Graduate,6
653,Andrew Todd,curtis50@example.net,XaIjOUuE+4,25,Male,Married,Self Employeed,More than 50000,Post Graduate,4
679,Mallory Rivera,lambkatelyn@example.com,juCV%D5y!5,27,Female,Married,Self Employeed,More than 50000,Graduate,6
706,Phyllis Proctor,wallaceshaun@example.com,5+uA3GOfft,29,Male,Single,Self Employeed,More than 50000,Graduate,6
709,Thomas Griffin,xcox@example.com,#l&1F$fh+k,26,Male,Prefer not to say,Self Employeed,More than 50000,Post Graduate,2
724,Joseph Hernandez,dawn65@example.com,x6Ic%7^Y!p,25,Male,Single,Self Employeed,More than 50000,Graduate,2
740,Stephanie Thomas,keithflores@example.org,!e4JOYevb^,25,Male,Single,Self Employeed,More than 50000,Graduate,2
748,Stuart Peterson,elizabethtaylor@example.com,T)r8FQwkT6,29,Male,Single,Self Employeed,More than 50000,Graduate,6
751,Shawn Stark,lauraturner@example.net,(J3JWd%^p0,26,Male,Prefer not to say,Self Employeed,More than 50000,Post Graduate,2
762,Frank Adams,francisco61@example.net,W*VR2zB7#7,30,Male,Married,Self Employeed,More than 50000,Graduate,1
765,Kimberly Williams,steven45@example.net,5d_SAR4u&3,25,Male,Single,Self Employeed,More than 50000,School,3
817,Tamara Pittman,jamiestanley@example.net,%ADFprto3H,30,Male,Married,Self Employeed,More than 50000,Uneducated,4
894,Joanna Weaver,mariawallace@example.net,t*BV5@nwGK,24,Male,Prefer not to say,Self Employeed,More than 50000,Ph.D,2
897,Brian Morris,joshua66@example.net,2+qz1uzl_D,27,Female,Married,Self Employeed,More than 50000,Graduate,5
901,Todd Vance,rodriguezroberto@example.net,$BN*tsvsK1,24,Male,Married,Self Employeed,More than 50000,Ph.D,6
945,Veronica Carter,john01@example.net,$7rCOw%2(M,25,Male,Married,Self Employeed,More than 50000,School,2
954,Meredith Mitchell,william36@example.org,#g8#*H9pO_,26,Male,Married,Self Employeed,More than 50000,Post Graduate,3
966,Barry Mccoy,kimberly95@example.net,ZA1JSL2t!4,31,Male,Married,Self Employeed,More than 50000,School,6
971,Anthony Curtis,richardalexis@example.com,7Hg3!SsjP!,24,Female,Married,Self Employeed,More than 50000,Graduate,2
985,Julie Mercado,matthewcarpenter@example.org,kQ0V^muwJ*,25,Male,Single,Self Employeed,More than 50000,Graduate,2
1007,Dylan Gutierrez,fullerbradley@example.com,_v9Kd7Om0G,29,Male,Single,Self Employeed,More than 50000,Graduate,6
1010,William Rodriguez,hopkinsmichelle@example.org,vX2ERMVq^*,26,Male,Prefer not to say,Self Employeed,More than 50000,Post Graduate,2
1021,Daniel Boyd,karenwashington@example.net,tb2M^)da!3,30,Male,Married,Self Employeed,More than 50000,Graduate,1
1024,Sheila Spencer,ojackson@example.org,3*W1lEDi&&,25,Male,Single,Self Employeed,More than 50000,School,3
1032,Stephanie Gibson,tthompson@example.com,XWEI28$a%*,27,Male,Married,Self Employeed,More than 50000,Graduate,3
1037,Mr. Timothy Freeman,snyderjacob@example.net,_9ShAGj1T5,30,Male,Married,Self Employeed,More than 50000,Graduate,6
1041,Theresa Wells,jamesroberts@example.net,&HL3merpp(,25,Male,Married,Self Employeed,More than 50000,Post Graduate,4
1067,Jennifer Baker,shawkimberly@example.net,&iKGFcWJT1,27,Female,Married,Self Employeed,More than 50000,Graduate,6
1094,Julia Allen,dharrison@example.org,zwRG#myx(1,29,Male,Single,Self Employeed,More than 50000,Graduate,6
1097,Theodore Wilson,victor43@example.org,(O86HH@n0_,26,Male,Prefer not to say,Self Employeed,More than 50000,Post Graduate,2
1112,Lisa Miller,jose03@example.net,D&54^V!xjE,25,Male,Single,Self Employeed,More than 50000,Graduate,2
1128,Lisa Miranda,awright@example.com,*GFqL3#00E,25,Male,Single,Self Employeed,More than 50000,Graduate,2
1136,Nicole Gibson,xparks@example.org,_tFRouum3x,29,Male,Single,Self Employeed,More than 50000,Graduate,6
1139,Frank Travis,johnsonjorge@example.net,qK%V2$yw*6,26,Male,Prefer not to say,Self Employeed,More than 50000,Post Graduate,2
1150,Vanessa Simmons,schmidtroger@example.org,Gqv(6LNj!$,30,Male,Married,Self Employeed,More than 50000,Graduate,1
1153,Melissa Mitchell,ryanperry@example.net,)J#p0S&dT2,25,Male,Single,Self Employeed,More than 50000,School,3
1205,Robert Wells MD,seanflores@example.org,%5u8fHKhdl,30,Male,Married,Self Employeed,More than 50000,Uneducated,4
1282,Richard Bishop,esanchez@example.com,q8#2j2Oh#^,24,Male,Prefer not to say,Self Employeed,More than 50000,Ph.D,2
1285,Julie Jones,matthew66@example.org,Z6+Q8Tgv+j,27,Female,Married,Self Employeed,More than 50000,Graduate,5
1289,Kristen Strickland,lhunt@example.com,im^2NmuKj@,24,Male,Married,Self Employeed,More than 50000,Ph.D,6
1333,Mark Salazar,gdelgado@example.org,*4aYaGaFq6,25,Male,Married,Self Employeed,More than 50000,School,2
1342,Frances Martin,medinajohn@example.org,c1Xf)LZd%3,26,Male,Married,Self Employeed,More than 50000,Post Graduate,3
1354,Lauren Bridges,marcus07@example.org,CwBMrhmn$0,31,Male,Married,Self Employeed,More than 50000,School,6
1359,Heather Potter,qstephens@example.org,!D21AFbamx,24,Female,Married,Self Employeed,More than 50000,Graduate,2
1373,Michelle Jones,uhubbard@example.org,@3Gy!qIXce,25,Male,Single,Self Employeed,More than 50000,Graduate,2
1395,Carmen Lam,josephrobbins@example.com,7*4OeM+3lD,29,Male,Single,Self Employeed,More than 50000,Graduate,6
1398,Kelly Scott,jacquelinemiller@example.com,2Py)6vPo8K,26,Male,Prefer not to say,Self Employeed,More than 50000,Post Graduate,2
1409,Amber Carroll,robertsontimothy@example.org,)OALyIflc6,30,Male,Married,Self Employeed,More than 50000,Graduate,1
1412,Theresa Mcmillan,webbmary@example.com,SQV(66Ooxx,25,Male,Single,Self Employeed,More than 50000,School,3
1420,Wendy Wilson,johnmeyer@example.net,@MLAvKhKD6,27,Male,Married,Self Employeed,More than 50000,Graduate,3
1425,Brittany Griffith,mandy44@example.org,*r7Smy8!Yq,30,Male,Married,Self Employeed,More than 50000,Graduate,6
1429,Jonathan Olsen,samuelbarker@example.com,4P!ELmq8)7,25,Male,Married,Self Employeed,More than 50000,Post Graduate,4
1455,Shelly Smith,valenciakathleen@example.net,c4yc3yBZ_b,27,Female,Married,Self Employeed,More than 50000,Graduate,6
1482,Kayla Marks,anita18@example.org,+4Rw$nesyC,29,Male,Single,Self Employeed,More than 50000,Graduate,6
1485,Zachary Page,alexisbowen@example.org,&yxwb0R1n0,26,Male,Prefer not to say,Self Employeed,More than 50000,Post Graduate,2
1500,Cameron Larsen,adam15@example.net,_3fF6mli%1,25,Male,Single,Self Employeed,More than 50000,Graduate,2
1516,Mr. David Hughes MD,opope@example.net,O6NFU&fj!j,25,Male,Single,Self Employeed,More than 50000,Graduate,2
1524,Darrell Bender,marshalljuan@example.net,%^R5NUuaPZ,29,Male,Single,Self Employeed,More than 50000,Graduate,6
1527,William Matthews,david34@example.com,d(06vvRhPj,26,Male,Prefer not to say,Self Employeed,More than 50000,Post Graduate,2
1538,Courtney Murillo,oliverjoseph@example.net,&xIBKXOxE5,30,Male,Married,Self Employeed,More than 50000,Graduate,1
1541,Thomas Barrett,rodriguezpatricia@example.net,!f9yDT^O94,25,Male,Single,Self Employeed,More than 50000,School,3
1593,Denise Martin,kdickson@example.net,RS2C9AhAO+,30,Male,Married,Self Employeed,More than 50000,Uneducated,4
1670,Matthew Garcia,asalas@example.com,E*I8PGcP_b,24,Male,Prefer not to say,Self Employeed,More than 50000,Ph.D,2
1673,Russell Weeks,leesabrina@example.net,+!9rXZ3deh,27,Female,Married,Self Employeed,More than 50000,Graduate,5
1677,Jesse Smith,devin96@example.net,if11SkRg!2,24,Male,Married,Self Employeed,More than 50000,Ph.D,6
1721,Christopher Smith,roger46@example.com,9weYn4Ae+^,25,Male,Married,Self Employeed,More than 50000,School,2
1730,Nicholas Barrett,andrew12@example.com,^4xrmWEyYo,26,Male,Married,Self Employeed,More than 50000,Post Graduate,3
1742,David Mack,brooke31@example.net,b*i4dCyn!#,31,Male,Married,Self Employeed,More than 50000,School,6
1747,Phillip Miller,greenwilliam@example.com,Na8J&mse*8,24,Female,Married,Self Employeed,More than 50000,Graduate,2
1761,Julia Taylor,rachel65@example.org,UU2foJKz@y,25,Male,Single,Self Employeed,More than 50000,Graduate,2
1783,Wendy Sullivan,brett42@example.com,gmk4ZXOe^),29,Male,Single,Self Employeed,More than 50000,Graduate,6
1786,David Castillo,anthonyhamilton@example.org,KO)e7AeOt^,26,Male,Prefer not to say,Self Employeed,More than 50000,Post Graduate,2
1797,Seth Stanley,cwilson@example.net,z(3wPr!0pV,30,Male,Married,Self Employeed,More than 50000,Graduate,1
1800,Kenneth Robinson,reeddorothy@example.com,#krO5M^rkc,25,Male,Single,Self Employeed,More than 50000,School,3
1808,Christine Hall,nwright@example.net,+3NCkHd$3X,27,Male,Married,Self Employeed,More than 50000,Graduate,3
1813,Nathan Cox,lisakramer@example.org,Qig^8FOc&B,30,Male,Married,Self Employeed,More than 50000,Graduate,6
1817,Adam Ellis,brianchavez@example.org,20MSxN2t#z,25,Male,Married,Self Employeed,More than 50000,Post Graduate,4
1843,Evelyn Schaefer,uholt@example.com,J$0y_Bil(z,27,Female,Married,Self Employeed,More than 50000,Graduate,6
1870,Amanda Henry,nkelly@example.com,l%+2Fj0gy@,29,Male,Single,Self Employeed,More than 50000,Graduate,6
1873,James Harris,anthony17@example.com,@6lYnHw@oL,26,Male,Prefer not to say,Self Employeed,More than 50000,Post Graduate,2
1888,Jose Olson,qdavis@example.com,&R)9oJtm8&,25,Male,Single,Self Employeed,More than 50000,Graduate,2
1904,Jose Mullen,brittanygriffith@example.org,#o7ZGCq!TZ,25,Male,Single,Self Employeed,More than 50000,Graduate,2
1912,Susan Parker,connie71@example.com,v5khTbX4*z,29,Male,Single,Self Employeed,More than 50000,Graduate,6
1915,Donna Chen,mcknightjeremy@example.org,HT0f5%Erv#,26,Male,Prefer not to say,Self Employeed,More than 50000,Post Graduate,2
1926,Matthew Novak,chapmancrystal@example.com,@vFwW4VeAf,30,Male,Married,Self Employeed,More than 50000,Graduate,1
1929,Katelyn White,csimpson@example.com,mfa80Gw($M,25,Male,Single,Self Employeed,More than 50000,School,3
1981,Billy Schultz,johnsonjessica@example.com,sKEq47&gI%,30,Male,Married,Self Employeed,More than 50000,Uneducated,4
2058,Michael James PhD,djohnson@example.com,3gm$HpP9h_,24,Male,Prefer not to say,Self Employeed,More than 50000,Ph.D,2
2061,Cynthia Jackson,william87@example.com,4R9v2Wr+I(,27,Female,Married,Self Employeed,More than 50000,Graduate,5
2065,Alyssa Dillon,markparker@example.com,1@A7#8Vyw2,24,Male,Married,Self Employeed,More than 50000,Ph.D,6
2109,John Anderson,rbrooks@example.net,#2Tuwxbh71,25,Male,Married,Self Employeed,More than 50000,School,2
2118,Ralph Smith,kimrandy@example.com,_4058U+m%q,26,Male,Married,Self Employeed,More than 50000,Post Graduate,3
2130,Chad Colon,andrew43@example.net,@0ohWjBxFt,31,Male,Married,Self Employeed,More than 50000,School,6
2135,Wendy Orr,alopez@example.com,@4SIqecYYr,24,Female,Married,Self Employeed,More than 50000,Graduate,2
2149,Amy Perry,thomas26@example.net,+r01Jk3mQP,25,Male,Single,Self Employeed,More than 50000,Graduate,2
2171,Dr. Karen Ramirez,courtney54@example.net,_s6LOOP$4_,29,Male,Single,Self Employeed,More than 50000,Graduate,6
2174,Bruce Anderson,elizabeth01@example.com,&8H&#tuM6Y,26,Male,Prefer not to say,Self Employeed,More than 50000,Post Graduate,2
2185,Kenneth Poole,justinmiller@example.net,+8NR2rx6!f,30,Male,Married,Self Employeed,More than 50000,Graduate,1
2188,Daniel Garcia,timothysalinas@example.com,m^V4SOyx^J,25,Male,Single,Self Employeed,More than 50000,School,3
2196,Anthony Johnson,odelacruz@example.org,(55kTu9kjE,27,Male,Married,Self Employeed,More than 50000,Graduate,3
2201,Daniel Jones,lori34@example.com,o*5^McYow6,30,Male,Married,Self Employeed,More than 50000,Graduate,6
2205,Sara Lambert,kevin34@example.org,E9ZF%qdN%n,25,Male,Married,Self Employeed,More than 50000,Post Graduate,4
2231,Tiffany Powers,andrewtanner@example.net,x9B+Wgi@+0,27,Female,Married,Self Employeed,More than 50000,Graduate,6
2258,Scott Wilson,fschultz@example.net,!q6SAguu6o,29,Male,Single,Self Employeed,More than 50000,Graduate,6
2261,Emily Holmes,jamesnelson@example.org,%A^SGgd^U1,26,Male,Prefer not to say,Self Employeed,More than 50000,Post Graduate,2
2276,Chris Johnson,qanderson@example.com,5N1Fxq@o(D,25,Male,Single,Self Employeed,More than 50000,Graduate,2
2292,Joshua Moore,mary43@example.net,$E5Pzz_JJ^,25,Male,Single,Self Employeed,More than 50000,Graduate,2
2300,Wendy Vasquez,stephaniemcmillan@example.com,)&b4L1Opsd,29,Male,Single,Self Employeed,More than 50000,Graduate,6
2303,Joshua Hinton,masonamy@example.com,+*24Vn_R_8,26,Male,Prefer not to say,Self Employeed,More than 50000,Post Graduate,2
2314,Bobby Scott,hartmelody@example.net,#fbz5Gf(+m,30,Male,Married,Self Employeed,More than 50000,Graduate,1
2317,Ashley Freeman,davidkim@example.com,H%1@7Gv%On,25,Male,Single,Self Employeed,More than 50000,School,3
2369,Evan Thompson,joseph40@example.org,GrLKUxrM)5,30,Male,Married,Self Employeed,More than 50000,Uneducated,4
2446,George Daniel,waltonnathan@example.net,3GV3Qhsg%+,24,Male,Prefer not to say,Self Employeed,More than 50000,Ph.D,2
2449,Edward Cole,miguel70@example.org,25$Cx58q&1,27,Female,Married,Self Employeed,More than 50000,Graduate,5
2453,Peter Scott,shawn76@example.com,%6TWVI8kSp,24,Male,Married,Self Employeed,More than 50000,Ph.D,6
2497,Colton Wilcox,heather76@example.com,@5Cei2IPux,25,Male,Married,Self Employeed,More than 50000,School,2
2506,Nicole Wilson,erinsharp@example.org,80HGUzBp!v,26,Male,Married,Self Employeed,More than 50000,Post Graduate,3
2518,Ryan Garner,martineztroy@example.com,^$%iX0GQyd,31,Male,Married,Self Employeed,More than 50000,School,6
2523,Matthew Hernandez,sandra60@example.com,pS2C_J*i#3,24,Female,Married,Self Employeed,More than 50000,Graduate,2
2537,Bianca Hester,laurie05@example.com,+8nHsYs$4F,25,Male,Single,Self Employeed,More than 50000,Graduate,2
2559,John Davidson,mcrawford@example.com,74CYa1p$*(,29,Male,Single,Self Employeed,More than 50000,Graduate,6
2562,Sharon Hamilton,rodriguezrichard@example.org,9D@mCjct&z,26,Male,Prefer not to say,Self Employeed,More than 50000,Post Graduate,2
2573,Ruth Caldwell MD,susanfigueroa@example.org,DWu5Dlxv@$,30,Male,Married,Self Employeed,More than 50000,Graduate,1
2576,Michael Bryant,steve75@example.org,F2nJcbb3)l,25,Male,Single,Self Employeed,More than 50000,School,3
2584,Kimberly Torres,rhartman@example.com,!@31fLJtW%,27,Male,Married,Self Employeed,More than 50000,Graduate,3
2589,Brittany Wright,qspence@example.org,l4Qye*eD@2,30,Male,Married,Self Employeed,More than 50000,Graduate,6
2593,Tyler Levine,dcantrell@example.net,sMw3DdBrQ@,25,Male,Married,Self Employeed,More than 50000,Post Graduate,4
2619,Tiffany Hunter,brianparks@example.org,*81rZn2cw!,27,Female,Married,Self Employeed,More than 50000,Graduate,6
2646,Andrew Smith,christina64@example.com,#0eAqhRkNW,29,Male,Single,Self Employeed,More than 50000,Graduate,6
2649,Elizabeth Jones,fbrock@example.org,#+3cVYd(KB,26,Male,Prefer not to say,Self Employeed,More than 50000,Post Graduate,2
2664,Jason Campbell,lbrooks@example.com,F*2NoGr86#,25,Male,Single,Self Employeed,More than 50000,Graduate,2
2680,Leah Russell,donnacarter@example.org,1#@!UFf$!B,25,Male,Single,Self Employeed,More than 50000,Graduate,2
2688,Carolyn Frank,joel63@example.com,Vg(0Xe8q4c,29,Male,Single,Self Employeed,More than 50000,Graduate,6
2691,Brittany Becker,ellismark@example.org,Z7Do6Yng4_,26,Male,Prefer not to say,Self Employeed,More than 50000,Post Graduate,2
2702,Vincent Maldonado,heather72@example.net,BZBD78Vc2^,30,Male,Married,Self Employeed,More than 50000,Graduate,1
2705,Johnny Callahan,amandamay@example.org,n33fUGSj+7,25,Male,Single,Self Employeed,More than 50000,School,3
2757,Michael Gill,hansonjeffrey@example.net,y6#uBVOC!Z,30,Male,Married,Self Employeed,More than 50000,Uneducated,4
2834,Morgan Aguilar,jeremy38@example.org,I(28AvMe5#,24,Male,Prefer not to say,Self Employeed,More than 50000,Ph.D,2
2837,Dr. Ian Baker,zacharyanderson@example.net,bx9V4Qjl+6,27,Female,Married,Self Employeed,More than 50000,Graduate,5
2841,Mark Parks,sgrant@example.org,)@MIQQa&E7,24,Male,Married,Self Employeed,More than 50000,Ph.D,6
2885,Dakota Knox,mharrington@example.org,H_2Vd3UuWG,25,Male,Married,Self Employeed,More than 50000,School,2
2894,Natalie Harvey,lisabarnett@example.net,%(kEPFvl9N,26,Male,Married,Self Employeed,More than 50000,Post Graduate,3
2906,Adam Meyers,christopher86@example.com,U2#T3LLs1E,31,Male,Married,Self Employeed,More than 50000,School,6
2911,Mark Austin,steveyork@example.com,Yy$3HmbZa^,24,Female,Married,Self Employeed,More than 50000,Graduate,2
2925,Alicia Harris,rachel43@example.org,+Zo_6EJbBw,25,Male,Single,Self Employeed,More than 50000,Graduate,2
2947,Richard Mays,hendersonjoe@example.com,PB6Okrjr$I,29,Male,Single,Self Employeed,More than 50000,Graduate,6
2950,Ryan King,usalas@example.net,t7nq8ERm*%,26,Male,Prefer not to say,Self Employeed,More than 50000,Post Graduate,2
2961,Adrian Leblanc,larry74@example.net,)eHem6Wg+@,30,Male,Married,Self Employeed,More than 50000,Graduate,1
2964,Nancy Foster,codymaxwell@example.com,*8#KDHzAY9,25,Male,Single,Self Employeed,More than 50000,School,3
2972,Yesenia Huff,pwilkins@example.com,q0c)5Gt^^d,27,Male,Married,Self Employeed,More than 50000,Graduate,3
2977,Christy Campbell,ssnow@example.net,(lHy(m1I^5,30,Male,Married,Self Employeed,More than 50000,Graduate,6
2981,Erik Raymond,rhall@example.net,Oh^hHtv*)6,25,Male,Married,Self Employeed,More than 50000,Post Graduate,4
3007,Donald Baker,pgarrett@example.org,tQYd4dd)+7,27,Female,Married,Self Employeed,More than 50000,Graduate,6
3034,Carol Gregory,jeffreythomas@example.org,BI^Edhfc_5,29,Male,Single,Self Employeed,More than 50000,Graduate,6
3037,Kevin Reed,schultzandrea@example.com,%P_uT1Zgk*,26,Male,Prefer not to say,Self Employeed,More than 50000,Post Graduate,2
3052,Anthony Howard,stephanie14@example.net,_6)V9Ba&$L,25,Male,Single,Self Employeed,More than 50000,Graduate,2
3068,Mr. Ian Shields,hartmanjoel@example.net,t#3UV3jJk$,25,Male,Single,Self Employeed,More than 50000,Graduate,2
3076,Dawn Brown,vanessa01@example.org,!YH2JRq(^0,29,Male,Single,Self Employeed,More than 50000,Graduate,6
3079,Andre Guerrero,theresa98@example.com,bv%rSInW@8,26,Male,Prefer not to say,Self Employeed,More than 50000,Post Graduate,2
3090,Justin Roman,jacob32@example.net,o&1DRhoAP#,30,Male,Married,Self Employeed,More than 50000,Graduate,1
3093,Jacob Robles,raymondfernandez@example.com,)86FCCb6B_,25,Male,Single,Self Employeed,More than 50000,School,3
3145,Anna Cunningham,pamelamartinez@example.org,a3CMlcLG%R,30,Male,Married,Self Employeed,More than 50000,Uneducated,4
3222,Michael Clay,dcuevas@example.com,c3Q1paC^#c,24,Male,Prefer not to say,Self Employeed,More than 50000,Ph.D,2
3225,Abigail Carroll,michaelwallace@example.com,r#W5QTdrjy,27,Female,Married,Self Employeed,More than 50000,Graduate,5
3229,Nicholas Whitaker,adambeard@example.net,)A3EgaAZZO,24,Male,Married,Self Employeed,More than 50000,Ph.D,6
3273,Brandon Brown,nicole12@example.net,i!4GteUCYy,25,Male,Married,Self Employeed,More than 50000,School,2
3282,Kimberly Mosley,youngthomas@example.net,_6fRvVIf5u,26,Male,Married,Self Employeed,More than 50000,Post Graduate,3
3294,Amanda Franklin,peter34@example.org,7$3HaoaZjc,31,Male,Married,Self Employeed,More than 50000,School,6
3299,Stacy Townsend,carrie42@example.com,AR7*2Wku$2,24,Female,Married,Self Employeed,More than 50000,Graduate,2
3313,Angelica Walker,stevenmartin@example.net,E3EVOBZt^b,25,Male,Single,Self Employeed,More than 50000,Graduate,2
3335,Angela Campbell,brianalexander@example.org,&8tTjrgC+s,29,Male,Single,Self Employeed,More than 50000,Graduate,6
3338,Michael George,brooke28@example.org,((9JEAClIt,26,Male,Prefer not to say,Self Employeed,More than 50000,Post Graduate,2
3349,Steven Wilson,gmartinez@example.com,2x5+q4Pur5,30,Male,Married,Self Employeed,More than 50000,Graduate,1
3352,Heather Edwards,jeffery02@example.com,$wJDGl+))0,25,Male,Single,Self Employeed,More than 50000,School,3
3360,Christopher Hull,lisapatton@example.com,@%Re0WmbUy,27,Male,Married,Self Employeed,More than 50000,Graduate,3
3365,Thomas Wagner,psimon@example.org,+2%_wBYyB5,30,Male,Married,Self Employeed,More than 50000,Graduate,6
3369,David Arroyo,zlynn@example.org,&s1H6Q)ppg,25,Male,Married,Self Employeed,More than 50000,Post Graduate,4
3395,Lauren Harris,aaron84@example.com,mM@81LbHHv,27,Female,Married,Self Employeed,More than 50000,Graduate,6
3422,Taylor Anderson,ugrimes@example.com,o@07w4Qp$c,29,Male,Single,Self Employeed,More than 50000,Graduate,6
3425,Victoria Paul,arthursmith@example.net,5@3@4Aqe&(,26,Male,Prefer not to say,Self Employeed,More than 50000,Post Graduate,2
3440,Brian Patel,allison03@example.com,7%R1IBxfco,25,Male,Single,Self Employeed,More than 50000,Graduate,2
3456,Eric Lambert,april15@example.org,3NSf2ra!$O,25,Male,Single,Self Employeed,More than 50000,Graduate,2
3464,Dana Todd,vodonnell@example.org,K*R5OnGG1i,29,Male,Single,Self Employeed,More than 50000,Graduate,6
3467,Heidi Ferguson,maryvargas@example.org,%co3n(Iqn!,26,Male,Prefer not to say,Self Employeed,More than 50000,Post Graduate,2
3478,David Hansen,stephanielandry@example.net,xA4GPNg5Z!,30,Male,Married,Self Employeed,More than 50000,Graduate,1
3481,Steven Smith,josephcastro@example.org,&C*B!7pwb6,25,Male,Single,Self Employeed,More than 50000,School,3
3533,Richard Gonzales,lnorris@example.net,wU7@ANXo*c,30,Male,Married,Self Employeed,More than 50000,Uneducated,4
3610,Karen Fuentes,brianward@example.net,^6U5HnQq1!,24,Male,Prefer not to say,Self Employeed,More than 50000,Ph.D,2
3613,Vanessa Harris,oadams@example.com,+7Errm$jjh,27,Female,Married,Self Employeed,More than 50000,Graduate,5
3617,Gail Pittman,gutierrezemily@example.com,_0YKgI$c&@,24,Male,Married,Self Employeed,More than 50000,Ph.D,6
3661,Melanie Stark,tammy76@example.org,X7LLQpen#k,25,Male,Married,Self Employeed,More than 50000,School,2
3670,William Cruz,asmith@example.net,u*6S&mX!Iw,26,Male,Married,Self Employeed,More than 50000,Post Graduate,3
3682,Tina Carrillo,kristylynn@example.com,$O6Fj1xiRX,31,Male,Married,Self Employeed,More than 50000,School,6
3687,Desiree Larson,cookandrew@example.org,ll6_iPKm^^,24,Female,Married,Self Employeed,More than 50000,Graduate,2
3701,Beth Wright,estradafrederick@example.org,%p0pO$Mj(3,25,Male,Single,Self Employeed,More than 50000,Graduate,2
3723,Michael Dawson,johnsonmarc@example.com,c3Pxxh&w(N,29,Male,Single,Self Employeed,More than 50000,Graduate,6
3726,Ashley Gilbert,chelseapeterson@example.net,ZO18YKUqQ$,26,Male,Prefer not to say,Self Employeed,More than 50000,Post Graduate,2
3737,Melissa Johnson,othomas@example.net,(4YN*2euX%,30,Male,Married,Self Employeed,More than 50000,Graduate,1
3740,Noah Thompson,mccormickbeverly@example.net,^mSb9YAaFO,25,Male,Single,Self Employeed,More than 50000,School,3
3748,Alicia Dudley,sarah97@example.org,oTa646Ko^^,27,Male,Married,Self Employeed,More than 50000,Graduate,3
3753,Jennifer Williamson,andradeamanda@example.com,Tjr0W9wZ+j,30,Male,Married,Self Employeed,More than 50000,Graduate,6
3757,Amber Wheeler,amy24@example.org,&+vxfO3c8^,25,Male,Married,Self Employeed,More than 50000,Post Graduate,4
3783,William Grant,alice56@example.com,b#k9vZ0N6g,27,Female,Married,Self Employeed,More than 50000,Graduate,6
3810,Ethan Bailey,ramirezluis@example.com,zS+0UnxQu&,29,Male,Single,Self Employeed,More than 50000,Graduate,6
3813,Natalie Young,jacobwhite@example.org,7u7T8t^io&,26,Male,Prefer not to say,Self Employeed,More than 50000,Post Graduate,2
3828,Jorge Kennedy,hillkimberly@example.net,*kWPQsNS6a,25,Male,Single,Self Employeed,More than 50000,Graduate,2
3844,Michael Woodward,reginawilliams@example.com,M#4Byn6i9%,25,Male,Single,Self Employeed,More than 50000,Graduate,2
3852,Emily Richardson,lwilson@example.net,%m+5SLbPGT,29,Male,Single,Self Employeed,More than 50000,Graduate,6
3855,Jordan Miller,wthompson@example.com,v#c*5W6s8i,26,Male,Prefer not to say,Self Employeed,More than 50000,Post Graduate,2
3866,John Fisher,morandennis@example.org,*HM5bcYZF5,30,Male,Married,Self Employeed,More than 50000,Graduate,1
3869,Danielle Carson,barnesjeremy@example.com,@4Tw0j4v0I,25,Male,Single,Self Employeed,More than 50000,School,3
3921,Jamie Boyer,ysandoval@example.com,J%K8eEpb)c,30,Male,Married,Self Employeed,More than 50000,Uneducated,4
3998,Monica Mccullough,wanda03@example.net,*DO1Wx6cYZ,24,Male,Prefer not to say,Self Employeed,More than 50000,Ph.D,2
4001,James Mosley,dweber@example.org,!$z!J9Db2x,27,Female,Married,Self Employeed,More than 50000,Graduate,5
4005,Douglas Tanner,ybrown@example.net,^I(DvXGw4v,24,Male,Married,Self Employeed,More than 50000,Ph.D,6
4049,Madison Peck,bmartinez@example.org,#BnX2TRgQj,25,Male,Married,Self Employeed,More than 50000,School,2
4058,John Estrada,melissa39@example.org,+Y3X@h)7hO,26,Male,Married,Self Employeed,More than 50000,Post Graduate,3
4070,Don Johnson,andrewanderson@example.net,(T@4Rvjgm),31,Male,Married,Self Employeed,More than 50000,School,6
4075,Ashley Mann,ijohnson@example.net,*8VfiEh##D,24,Female,Married,Self Employeed,More than 50000,Graduate,2
4089,Austin Pacheco,wflores@example.com,fKv(Zr0B&7,25,Male,Single,Self Employeed,More than 50000,Graduate,2
4111,Lisa Hill,shull@example.org,%Ra1LnJ7&y,29,Male,Single,Self Employeed,More than 50000,Graduate,6
4114,Lisa Walsh,dsandoval@example.org,p&NV4Ij4&d,26,Male,Prefer not to say,Self Employeed,More than 50000,Post Graduate,2
4125,Jeffrey Marshall,tracyellis@example.net,AF3Xgqyl!K,30,Male,Married,Self Employeed,More than 50000,Graduate,1
4128,Kevin Ponce,dustin18@example.org,5H(!1VlH5p,25,Male,Single,Self Employeed,More than 50000,School,3
4136,Whitney Jones,murrayderrick@example.org,&kE#WJpPv0,27,Male,Married,Self Employeed,More than 50000,Graduate,3
4141,Jennifer Best,qmatthews@example.net,!9$M^E1Cui,30,Male,Married,Self Employeed,More than 50000,Graduate,6
4145,Melanie Martinez,perezethan@example.org,#*8EWqTpgq,25,Male,Married,Self Employeed,More than 50000,Post Graduate,4
4171,Michael Flores,tamithornton@example.org,%+0!Ia+b3i,27,Female,Married,Self Employeed,More than 50000,Graduate,6
4198,Erin Sanchez,millercorey@example.net,%x1kH0iqMn,29,Male,Single,Self Employeed,More than 50000,Graduate,6
4201,Benjamin Smith DDS,veronicacarpenter@example.com,79k(I2Gj**,26,Male,Prefer not to say,Self Employeed,More than 50000,Post Graduate,2
4216,Carrie Clark,kristyrodriguez@example.net,xd7DwlNJ&8,25,Male,Single,Self Employeed,More than 50000,Graduate,2
4232,Neil King,brownlori@example.com,ae6HwD)fD),25,Male,Single,Self Employeed,More than 50000,Graduate,2
4240,Steven Barber,ecannon@example.org,y2%1X@yRle,29,Male,Single,Self Employeed,More than 50000,Graduate,6
4243,Anthony Ward,lmcbride@example.net,(3Pe4Mg5ou,26,Male,Prefer not to say,Self Employeed,More than 50000,Post Graduate,2
4254,Virginia Hall,coffeydavid@example.org,4u0G2NYj5$,30,Male,Married,Self Employeed,More than 50000,Graduate,1
4257,Jonathon Cole,marissa35@example.net,jIRiCh!9(4,25,Male,Single,Self Employeed,More than 50000,School,3
4309,Jerry Kelley,hannahthompson@example.com,&RJj8F_tuC,30,Male,Married,Self Employeed,More than 50000,Uneducated,4
4386,Ashley Wilson,zcooper@example.org,oz0hLHmm@8,24,Male,Prefer not to say,Self Employeed,More than 50000,Ph.D,2
4389,Sydney Weber,brownadrienne@example.net,oz9OJZ@Vp(,27,Female,Married,Self Employeed,More than 50000,Graduate,5
4393,Tiffany Smith,staceyconley@example.net,@59aimHsG9,24,Male,Married,Self Employeed,More than 50000,Ph.D,6
4437,Emily Alvarez,nelsoncourtney@example.org,WP98u@3b^@,25,Male,Married,Self Employeed,More than 50000,School,2
4446,Adriana Wilkerson,alexander70@example.net,6vf216Vik*,26,Male,Married,Self Employeed,More than 50000,Post Graduate,3
4458,David White,patrick59@example.net,(E1JP0YyJ@,31,Male,Married,Self Employeed,More than 50000,School,6
239,Colleen Walker,josephfuller@example.org,DWYe1R1u(q,27,Male,Married,Employee,25001 to 50000,Graduate,2
390,Amanda Sawyer,fisherdakota@example.com,NMn(6KNseA,24,Female,Single,Student,Below Rs.10000,Graduate,3
572,Brandon Murphy,ericmunoz@example.org,BW1tFIVg!5,22,Male,Single,Student,No Income,Graduate,2
1056,Jacob Walker,michaelwagner@example.org,hhe3MFyB#L,23,Female,Prefer not to say,Employee,10001 to 25000,Graduate,4
1256,Sarah Martinez,nelsonheather@example.org,!fkWV+Oxb7,26,Male,Single,Self Employeed,10001 to 25000,Ph.D,1
1389,Nicole Johnson,tommywyatt@example.net,r+2E_k%uOd,25,Female,Married,Student,No Income,Post Graduate,2
1471,Jacqueline Fowler,angela63@example.com,edw8EYWKJ#,23,Female,Single,Student,No Income,Post Graduate,2
3237,Nicole Martinez,dylan40@example.net,+C9S%Ot7&C,23,Male,Single,Student,No Income,Post Graduate,2
3659,Patricia Woods,ufox@example.net,yd0Bw0Vk*I,27,Female,Single,Student,No Income,Ph.D,5
3896,Christina Gill,edward38@example.net,$^TY*eqEI0,24,Female,Single,Student,No Income,Post Graduate,6
3973,Joseph Carr,brianwilliams@example.org,V_ZE2EWS1q,22,Male,Single,Student,No Income,Post Graduate,2
4139,Margaret Robinson,michael20@example.org,pFt7U(Gw(a,23,Male,Single,Student,No Income,Post Graduate,3
4533,Jennifer Flores,kennethsmith@example.net,_5&G5TrJ22,25,Male,Married,Self Employeed,More than 50000,Post Graduate,4
4820,Jeffery Olsen,williamjacobs@example.net,Im8WxRTj)^,26,Male,Single,Employee,25001 to 50000,Post Graduate,3
5021,Martin Burnett,alejandramaldonado@example.com,O15^w5Ct!Z,29,Male,Single,Employee,25001 to 50000,Graduate,3
5105,Samantha Bowman,jessicaadams@example.com,OXy9S*ho#@,23,Male,Single,Student,No Income,Post Graduate,5
5321,Donald Anderson,vritter@example.org,mt68DGZZ)%,24,Male,Married,Employee,More than 50000,Post Graduate,3
5550,Ana Erickson,sandra91@example.org,sm8J0+t)_3,24,Male,Prefer not to say,Self Employeed,More than 50000,Ph.D,2
5753,Wesley Schneider,danderson@example.com,_1)uA6uT!m,26,Male,Prefer not to say,Self Employeed,More than 50000,Post Graduate,2
6099,Kathleen Chan,heather32@example.org,G!@4Ys*yn1,30,Male,Married,Employee,More than 50000,Graduate,5
6335,Samuel Williams,cindy20@example.net,97w^2OqE!@,23,Male,Single,Student,No Income,Post Graduate,3
6590,Gregory Williams,timothyanderson@example.org,wj54QWEyL&,22,Male,Single,Student,No Income,Graduate,3
6861,Roberto Erickson,rioskristin@example.net,Pd1*PLIwv+,25,Male,Married,Self Employeed,More than 50000,Post Graduate,4
7018,James Grant,popeandrew@example.com,11f0iDs2$U,22,Female,Single,Student,10001 to 25000,Post Graduate,5
7042,Jeremy Williams,candicestokes@example.com,W%f6ETOljZ,24,Female,Single,Student,No Income,Graduate,3
7130,Alexis Rice,melanie20@example.net,2iQE8yXj*6,25,Male,Single,Employee,10001 to 25000,Post Graduate,3
7393,Henry Ellis,vballard@example.com,qq3UfCmg_D,24,Male,Single,Student,No Income,Post Graduate,3
7541,Ronald Camacho,madeline49@example.com,77I!uR#m%%,25,Male,Married,Self Employeed,More than 50000,School,2
8337,Tammy Black,padillaaaron@example.net,&4hpj8Guan,26,Female,Married,Employee,25001 to 50000,Post Graduate,2
8510,James Young,morganandrew@example.com,#sFk^0Xwr7,24,Female,Single,Self Employeed,25001 to 50000,Post Graduate,3
9717,Gregory Jackson,corey61@example.com,8uq5Scn#%(,28,Female,Single,Employee,25001 to 50000,Post Graduate,2
9738,Ryan Stephens,jennifer73@example.com,+RAnguZv59,32,Female,Prefer not to say,House wife,No Income,Graduate,5
9751,Andrew Martin,blackburnlaura@example.com,i*0eR9u+0C,23,Female,Single,Student,No Income,Graduate,5
10829,Dawn Bradley,jennifer50@example.net,+9f0qMRaa#,29,Female,Married,Employee,25001 to 50000,Graduate,4
11797,Erica Brown,kristengarcia@example.net,L%3CVvb*$6,25,Male,Single,Employee,25001 to 50000,Post Graduate,3
12452,Brian Wells,khampton@example.net,@TPybh_mm9,25,Male,Single,Student,10001 to 25000,Post Graduate,3
12548,Anna George,clineann@example.org,(B5InxG4Va,32,Female,Married,Employee,More than 50000,Graduate,1
12714,Mr. Russell Benjamin MD,bennettpatricia@example.net,4%+2YAqjny,22,Male,Single,Employee,10001 to 25000,Graduate,1
13095,Jonathan Castillo,christopherrivera@example.org,f0@QM+2g^C,27,Female,Married,Self Employeed,More than 50000,Graduate,6
14159,Nicholas Wilson,tcarrillo@example.org,Ess4SYpVq),24,Male,Single,Student,No Income,Post Graduate,3
15765,Melinda Mcdonald,harellano@example.net,_4x8FipNg^,30,Male,Married,Self Employeed,More than 50000,Graduate,1
16154,Travis Johnson DDS,joanna60@example.net,u@D8XN1j&W,21,Male,Single,Student,No Income,Graduate,3
17157,Julia Garcia,rhall@example.com,)18VJg1Dx+,23,Male,Single,Student,No Income,Post Graduate,3
17267,James Mcgrath,dgallagher@example.net,28(mDmEq+o,24,Female,Married,Self Employeed,More than 50000,Graduate,2
17407,Robert Lawson,connerantonio@example.net,&h76bFmBq@,23,Female,Single,Student,No Income,Graduate,1
18079,Brendan Johnson,martindanielle@example.org,2qoLzYUR@u,29,Male,Single,Self Employeed,More than 50000,Graduate,6
18627,Johnny Goodwin,dblair@example.net,7S^$m1MmKh,22,Male,Single,Student,Below Rs.10000,Post Graduate,3
18923,Charles Conway,jyoung@example.com,#224BpH$&z,28,Male,Single,Employee,25001 to 50000,Post Graduate,2
19898,Brandon Brown,hawkinsnathan@example.org,IT!5JNBr!f,18,Male,Single,Student,No Income,Graduate,5
20053,Matthew Berry,smithjennifer@example.com,m*CB13Yk8s,25,Male,Married,Self Employeed,More than 50000,Post Graduate,4
20384,Sandra Hernandez,leonardtammy@example.com,X914Z5Yf&Z,23,Female,Single,Student,No Income,Graduate,1
20461,Jennifer Byrd,willisthomas@example.com,0*9oRhHt9h,26,Female,Married,Employee,10001 to 25000,Post Graduate,2
20595,Robert Williams,cynthia19@example.net,H%^Ng75w@0,22,Female,Single,Employee,10001 to 25000,Graduate,5
20697,Victoria Hughes,john07@example.net,zo8LniyS_@,23,Male,Single,Student,No Income,Post Graduate,2
20705,Cody Mcknight,matthew56@example.com,h0O2pcFmc+,23,Male,Single,Student,No Income,Post Graduate,3
21233,Laurie Serrano,ianjackson@example.com,N4)ZVObW!6,19,Male,Single,Student,No Income,Graduate,6
21343,Scott Cruz,rodriguezjessica@example.net,uO48JIdUi+,22,Male,Single,Student,Below Rs.10000,Post Graduate,3
21591,Renee Hart,castropatrick@example.org,!&xJ0Mrt%m,29,Female,Married,Employee,25001 to 50000,Ph.D,3
21716,Samantha Daugherty,leslie98@example.com,^4Z0($pSEP,26,Female,Married,Employee,Below Rs.10000,Graduate,6
21899,Kathryn Whitaker,nicole98@example.net,j1*MPz_8+l,22,Male,Single,Student,No Income,Post Graduate,1
22088,Elizabeth Decker,russellsamantha@example.org,SWVJC3Umd^,29,Male,Single,Self Employeed,More than 50000,Graduate,6
22196,Derek Richardson,rebeccawilliams@example.org,n0K4cq_(^a,24,Male,Single,Student,No Income,Post Graduate,5
22337,Shawn Scott,christinepeterson@example.org,7#1lPIEo5H,21,Female,Single,Student,No Income,Post Graduate,1
22416,Lindsey Lindsey,davidhamilton@example.org,T#Su2Bgp#y,25,Female,Single,Employee,More than 50000,Post Graduate,6
22637,Denise Romero,kathleen22@example.net,Ipx7JwxCA),23,Male,Single,Student,No Income,Post Graduate,2
22718,Ashley Morales,smartinez@example.org,I7tKvg+c#G,23,Male,Single,Student,No Income,Graduate,3
22741,Felicia Edwards,richdamon@example.net,#0(9PNXh+p,22,Male,Single,Student,No Income,Graduate,3
22934,Destiny Cruz,rwatson@example.org,utVZpqgq^6,23,Male,Single,Student,No Income,Graduate,3
23302,James Moody,lisamoran@example.net,C&5fI6ayW#,22,Male,Single,Student,No Income,Post Graduate,4
23510,Larry Dean,smithkimberly@example.org,1GyU%Sbi&!,32,Male,Married,Employee,25001 to 50000,Graduate,3
24228,Helen Robinson,samuel35@example.net,Zn$8g!Nxsj,26,Female,Married,Student,Below Rs.10000,Ph.D,3
24835,Kathryn Ewing,ruizmichelle@example.com,I*7@OXMl3_,22,Male,Single,Student,Below Rs.10000,Post Graduate,3
25283,Jennifer Arnold,xmaxwell@example.net,@oK9Luqa4Z,23,Male,Single,Student,25001 to 50000,Post Graduate,1
26109,Paula Baker,dmartin@example.net,7O)4Pkdn&#,25,Male,Single,Student,Below Rs.10000,Post Graduate,2
26473,Jeremy George,jessica07@example.org,0P3LbMNe!8,25,Male,Single,Student,No Income,Post Graduate,5
26758,Megan Golden,shepardchelsea@example.com,)7cH9Oih2*,30,Male,Married,Self Employeed,More than 50000,Graduate,1
26770,Rebecca Duncan,mgarrett@example.org,0h1#Po@KK&,22,Female,Single,Student,No Income,Post Graduate,5
26824,Peter Gonzales,brianwood@example.org,*e5RXIJe2n,23,Female,Single,Student,No Income,Post Graduate,2
26962,Darren White,xhowe@example.com,+07BDZl3XA,31,Male,Married,Self Employeed,More than 50000,School,6
26983,Daniel Perez,parkerbrianna@example.com,5XD^p!z%*f,27,Male,Married,Self Employeed,25001 to 50000,Graduate,6
27008,Thomas Thomas,savagemargaret@example.com,v+#5ZJ8(%l,29,Male,Single,Employee,25001 to 50000,Graduate,3
27107,Wanda Smith,rodriguezrachel@example.net,*3+Zj^mcV(,23,Female,Single,Student,No Income,Graduate,1
27878,Stephanie Weiss,bcrosby@example.net,&!$Uy8Cb1l,22,Female,Single,Employee,25001 to 50000,Graduate,4
28492,Matthew Rodriguez,fadams@example.com,^UP8$gwY0p,24,Female,Single,Student,No Income,Post Graduate,5
28527,Amy Mitchell,daviscole@example.org,K2WBHwlZ)8,22,Female,Single,Employee,25001 to 50000,Graduate,4
29210,Samuel Ward,ncastro@example.com,@7Sa3PD#@P,18,Male,Single,Student,No Income,Graduate,5
29312,Michelle Stevens,ysmith@example.net,#!QxHKvNO1,25,Male,Single,Self Employeed,10001 to 25000,Graduate,3
29585,Stephen Wheeler,deleonlauren@example.com,lRj0Eg@SF&,23,Female,Single,Student,No Income,Graduate,5
29788,Julie Hamilton,nathanmckee@example.org,4HJd*R6n&b,25,Female,Single,Employee,More than 50000,Post Graduate,6
30203,Melissa Morris,donnacummings@example.net,tBw9D6@vJ$,23,Female,Single,Student,No Income,Post Graduate,3
30521,Jacqueline Murphy,eric52@example.org,*y6PO3nVr(,23,Male,Single,Student,No Income,Post Graduate,2
30666,Timothy Stafford,wellskeith@example.org,g#87M3Au_o,21,Male,Single,Student,No Income,Graduate,4
30973,Jamie Weiss,bradley08@example.com,)YVWntfk)2,26,Male,Prefer not to say,Self Employeed,More than 50000,Post Graduate,2
31017,Donald Campbell,hobbslindsey@example.org,&)3Qqrt)ea,29,Male,Single,Employee,25001 to 50000,Graduate,3
31683,Shane Moreno,wnelson@example.com,(&EMfoEX80,30,Female,Married,House wife,No Income,School,6
31820,Traci Maldonado,donaldjackson@example.com,t@e6zXxLe5,22,Female,Single,Student,No Income,Graduate,6
32001,Lisa Daniels,mathewsalexa@example.com,_$y0cWgWn4,32,Female,Married,House wife,No Income,School,5
32256,Kevin Santos,moodybrian@example.org,&2)hRmuMVo,23,Female,Single,Student,No Income,Post Graduate,2
32969,Lisa Jackson,rossmanning@example.net,nFNWp9Ng%t,25,Male,Single,Self Employeed,More than 50000,School,3
33021,Andrew Brandt,beth53@example.net,iCTDOcGh_9,30,Male,Married,Self Employeed,More than 50000,Uneducated,4
33026,Joe Newton,rebecca76@example.net,%YZ3Hswqw(,27,Female,Married,Self Employeed,10001 to 25000,Post Graduate,2
33246,Stephanie Robinson,youngdavid@example.org,!A3ZZf+8%l,24,Female,Single,Employee,25001 to 50000,Graduate,2
33728,Brad Green,jennifergilbert@example.org,^rV!2TGHd@,29,Male,Single,Self Employeed,More than 50000,Graduate,6
33769,Dana Simmons,heathersnyder@example.net,%qQf5dLau0,23,Male,Single,Student,No Income,Post Graduate,5
33851,Renee Ross,rharris@example.com,3lK^5KHx(b,23,Male,Single,Student,No Income,Post Graduate,1
34323,Kevin Walters,juliemccarthy@example.net,t5gVdez6$&,26,Male,Single,Employee,Below Rs.10000,Post Graduate,1
35057,Kimberly Kim,dianephillips@example.net,h*49UMzFtY,25,Male,Single,Self Employeed,25001 to 50000,Graduate,3
35279,Michael Whitaker,michellegreen@example.com,*w87R+cFyC,32,Male,Married,Employee,25001 to 50000,Graduate,3
36470,Brandon Green,rachelsmith@example.com,U_*13RymHy,22,Female,Single,Student,No Income,Post Graduate,5
36572,Elizabeth Elliott,willietran@example.org,ll#8GFq_JE,32,Female,Married,House wife,No Income,Uneducated,3
36937,Denise Mitchell,gentryrobert@example.org,$9I%vC+4PA,26,Male,Single,Student,No Income,Post Graduate,4
37250,Felicia Smith MD,rhodespeter@example.com,p(lj5Uesk@,24,Female,Single,Student,Below Rs.10000,Graduate,3
38163,Victor Tran,steven86@example.com,+56B2SxntN,26,Female,Single,Employee,More than 50000,Graduate,3
38422,Scott Robinson,gjones@example.com,(biYgympH3,23,Female,Single,Student,No Income,Post Graduate,4
38862,Danielle Yang,sandrataylor@example.com,4&5L(bvlPL,22,Male,Single,Student,No Income,Post Graduate,3
38951,Dillon Roberts,jason64@example.net,&SZ#91DlNv,23,Male,Single,Student,More than 50000,Post Graduate,3
39307,Lisa Jones,kellydelgado@example.com,%ldfCZUeQ8,32,Female,Married,Employee,25001 to 50000,Graduate,5
39568,Shawn Hess,whitecharles@example.net,(3AYeRex*2,22,Male,Single,Student,Below Rs.10000,Post Graduate,4
39802,Morgan Prince,jmoore@example.com,8p!vMKL1$i,28,Male,Single,Self Employeed,10001 to 25000,Post Graduate,2
40087,Jose Dixon,juarezmark@example.com,!Cp9VsanhY,26,Female,Single,Self Employeed,25001 to 50000,Post Graduate,3
40286,Danielle Martinez,ahull@example.com,9R21ZsQa^Z,21,Male,Married,Employee,More than 50000,Ph.D,3
40667,Michael Shaffer,janetsoto@example.org,3fX8EBay#F,24,Male,Single,Student,No Income,Post Graduate,2
40886,Jeffrey Rodriguez,heather89@example.net,_2VAD+Kw8m,25,Male,Single,Employee,10001 to 25000,Post Graduate,3
41086,Michael Fields,davidreyes@example.net,7&*0E5pg4*,22,Female,Single,Employee,25001 to 50000,Graduate,4
41199,Elizabeth Guerrero,blittle@example.org,uPfCfkpP#8,22,Male,Single,Student,No Income,Graduate,4
41340,Dr. Sara Newman,hhernandez@example.org,yjK0M*0r*t,25,Male,Single,Self Employeed,10001 to 25000,Graduate,3
41699,Manuel Mitchell,ediaz@example.net,)AkqDQIf%3,22,Female,Single,Employee,25001 to 50000,Graduate,4
41736,Bridget Marks,tcortez@example.com,o_vLaVZz)7,27,Female,Married,Self Employeed,25001 to 50000,Graduate,3
41882,Alexandra Lopez,pstevens@example.org,PL8Ao5nN@#,22,Male,Single,Student,No Income,Graduate,3
41955,Jessica Simpson,johngarcia@example.net,c133Be)8)p,23,Female,Single,Student,No Income,Graduate,5
41993,Dustin Rodriguez,wrightjesse@example.net,%TWYpug!0I,25,Male,Single,Student,No Income,Post Graduate,5
43518,Zachary Guzman,carlakelly@example.com,wHhlUXXn@2,22,Male,Single,Student,No Income,Post Graduate,3
43718,Katie Wilson,richard02@example.net,()9Ref!h%$,24,Female,Married,Employee,25001 to 50000,Post Graduate,2
44025,Julie Gomez,jennifer16@example.com,y@61XnUs9e,29,Female,Married,Employee,More than 50000,Graduate,3
44282,Ashley Savage,knappkatelyn@example.com,L_+0Krzc$v,22,Female,Single,Student,10001 to 25000,Post Graduate,5
44725,Crystal Johnson,garciagordon@example.com,(Ft1S$rq#U,26,Male,Single,Employee,25001 to 50000,Graduate,2
44862,Kimberly Norris,sarahkemp@example.org,$CZF9Id!MO,22,Female,Single,Student,No Income,Graduate,2
45289,Michael Smith,charleshughes@example.net,LbHWRm)P)4,19,Male,Single,Student,No Income,Graduate,6
45681,Samantha George,uchoi@example.org,^n6EyBv)o(,26,Female,Married,Employee,10001 to 25000,Post Graduate,2
47750,Tyler Daniels,jonesmolly@example.net,)AG)22HnJ8,25,Male,Single,Student,No Income,Post Graduate,3
47798,Jonathan Medina,oliverchristopher@example.net,EB081IHn@+,23,Male,Single,Student,No Income,Post Graduate,2
47992,Daniel Harris,nicholas44@example.net,(4!1XftoGq,25,Female,Single,Employee,25001 to 50000,Post Graduate,2
49142,Eduardo Schwartz,zhall@example.net,+i4@XRvrR2,22,Male,Single,Employee,10001 to 25000,Graduate,2
49226,Teresa Garcia,crobertson@example.com,o(7&&U7uGJ,27,Male,Married,Self Employeed,25001 to 50000,Graduate,6
49458,Laura Morris,morgangoodman@example.com,4C4#2NdjJv,23,Male,Single,Student,Below Rs.10000,Graduate,3
49747,Laura Mendoza,flester@example.org,dmTRVKcA#7,23,Male,Single,Student,No Income,Post Graduate,3
49789,Jennifer Hall,brian42@example.com,%r(3IE1vQ8,24,Male,Married,Self Employeed,More than 50000,Ph.D,6
51094,Connie Perry,andersonjoanne@example.com,^K9el)lw8x,24,Female,Single,Employee,25001 to 50000,Graduate,2
51444,Chad Willis,joshuamclaughlin@example.net,St26K!Vk$*,24,Male,Single,Student,No Income,Post Graduate,2
51642,Gregory Johnson,etaylor@example.net,I7X68PgiJ$,32,Female,Prefer not to say,House wife,No Income,Graduate,5
51986,Caroline Campbell,brownariel@example.org,)vQ1dLde(%,22,Male,Single,Student,No Income,Graduate,3
52484,Christy Le,wrightbrenda@example.net,d80EIqt)3^,24,Female,Single,Student,No Income,Ph.D,3
52610,Brittany Benton,popekristy@example.org,i@2U06AkEF,32,Male,Married,Employee,25001 to 50000,Graduate,3
53063,Emily Jones,mperry@example.net,L@d4kSVm_l,25,Female,Prefer not to say,Employee,25001 to 50000,Post Graduate,3
53990,David Carney,abigailcampbell@example.net,&FBztz#nW3,24,Female,Single,Student,No Income,Graduate,3
54146,Matthew Werner,manuel22@example.org,_*kX9Wwypv,23,Male,Single,Student,No Income,Graduate,3
54311,Wendy Pennington,eolson@example.net,TJ%9Y6^j(T,23,Female,Single,Employee,25001 to 50000,Post Graduate,2
55123,Amanda Andrews MD,flemingemily@example.net,wC9LBAIA^5,22,Female,Single,Student,No Income,Post Graduate,5
55321,Cynthia Jones,teresa72@example.org,$N6Tr311%O,25,Female,Married,Student,No Income,Post Graduate,2
55705,Angela Brown,dawn00@example.com,i77dVBry(+,21,Female,Single,Student,No Income,Post Graduate,1
55846,Parker Thompson,asmith@example.net,HuRo7RhZn&,24,Female,Single,Self Employeed,25001 to 50000,Post Graduate,3
56042,Thomas Hall,cordovaalexander@example.net,g8+05T#dC2,20,Male,Single,Student,No Income,Graduate,2
56648,Cindy Vang,gcoleman@example.org,_H5XDKvy#j,23,Male,Single,Student,No Income,Post Graduate,5
56760,Stephen Harris,butlerjoseph@example.com,K6ZQPBkj(A,25,Male,Single,Student,No Income,Post Graduate,1
57538,Joseph Black,smithjeffrey@example.org,*!2hKcaBHS,23,Female,Single,Student,No Income,Graduate,5
58443,Paula Black,mariaheath@example.net,k#V5RDUw@i,28,Male,Married,Employee,25001 to 50000,Graduate,3
59075,Catherine Turner,richardsontaylor@example.com,_9vYJjzjkc,26,Male,Married,Employee,25001 to 50000,Graduate,5
59836,Brian White,peter93@example.com,+o)5YOHdg#,22,Male,Single,Student,No Income,Post Graduate,3
60230,Mark Hernandez,michael85@example.net,&NG2wDjj35,28,Male,Married,Self Employeed,10001 to 25000,Graduate,2
60272,Julie Martinez,michelleberry@example.org,*ip0jQrzLb,32,Female,Married,Employee,More than 50000,Graduate,1
60723,Grace Walker,jillgay@example.net,a6uC#TLX#q,24,Female,Married,Self Employeed,More than 50000,Graduate,2
60760,Donald Gutierrez,kenneth69@example.org,+N6R$jc+@y,21,Male,Single,Student,No Income,Graduate,5
60994,Louis Osborne,mccarthyjamie@example.com,$o4NJrYVfS,21,Male,Single,Student,No Income,Graduate,4
61303,Crystal Castro,jennifer71@example.org,1Di8o)zjq^,23,Male,Single,Student,Below Rs.10000,Post Graduate,2
62482,Paul Hammond,smoran@example.org,#6F_SYmTRl,21,Male,Single,Student,No Income,Graduate,4
62919,Megan Burns,lopezjustin@example.net,_^55FLK8Wi,23,Male,Single,Student,25001 to 50000,Post Graduate,1
63006,Charles Young,grace14@example.org,dtZGNlLq(2,22,Male,Single,Student,No Income,Post Graduate,4
63311,Antonio West,barryhill@example.com,$^q0BrTuvw,24,Male,Single,Employee,10001 to 25000,Graduate,4
63358,Paul Sanders,wclark@example.com,Geu49Wu@$x,23,Female,Single,Student,No Income,Graduate,5
64023,Rachael Scott,rebecca51@example.net,v(#YY6Tc9@,22,Male,Single,Student,Below Rs.10000,Post Graduate,3
64296,Diane Tran,wschroeder@example.org,G11V(LFs$#,23,Female,Single,Student,No Income,Post Graduate,4
64618,Gregory Price,james65@example.org,Ne2Y6FcT^F,29,Female,Married,Employee,25001 to 50000,Graduate,4
64678,Lydia Russell,matthewpowell@example.net,i^^uh4Lp_q,26,Female,Single,Employee,25001 to 50000,Post Graduate,2
64737,Curtis Larson,robertlang@example.org,@vH7wEgfy3,22,Female,Single,Student,No Income,Graduate,2
64787,Robert Collins,youngdaniel@example.com,7x0AG@i9*j,23,Female,Single,Employee,25001 to 50000,Post Graduate,2
65289,Brenda Brandt,ubailey@example.net,N_hwrCJcq4,26,Male,Single,Employee,25001 to 50000,Graduate,2
65501,Linda Arnold,james33@example.org,n5VPYWsZ*Q,32,Male,Married,Employee,25001 to 50000,Graduate,3
66837,Travis Reilly,zamorarobin@example.com,lE&0cGlNMd,24,Female,Single,Student,10001 to 25000,Post Graduate,3
66852,Kenneth Mason,mclaughlinbonnie@example.com,)#w_kAzcU4,25,Female,Married,Employee,25001 to 50000,Graduate,4
67309,Aaron Bowman,stanley83@example.org,@)+6(6Oy!I,32,Female,Married,House wife,No Income,School,5
68017,Amanda Morris,webbdaniel@example.com,B$_$8Uwcf#,31,Female,Married,House wife,No Income,School,5
68124,Mr. Cody Kramer DVM,fitzgeraldlisa@example.org,)0vRc&mNl2,32,Male,Married,Employee,More than 50000,Graduate,5
68553,Sara Blake,gonzalezamy@example.net,3#epYN(g(M,25,Male,Married,Self Employeed,More than 50000,Post Graduate,4
69086,Shannon Mercado,elizabethprice@example.com,j&k51JtfK(,22,Male,Single,Student,No Income,Post Graduate,4
69318,Benjamin Cooper,samantha59@example.org,%7J9X9nvh7,22,Male,Single,Employee,10001 to 25000,Graduate,2
69665,Ian Beck DDS,chelsea14@example.com,qpM0oMhrU*,21,Male,Single,Student,No Income,Graduate,2
70074,Katelyn Anderson,cherrydavid@example.net,_n1YvRTE9V,26,Male,Prefer not to say,Self Employeed,More than 50000,Post Graduate,2
70197,Kristie Hart,nicholas81@example.com,BuV0JweMh+,24,Male,Single,Student,No Income,Post Graduate,2
70248,William Jordan,rjohnson@example.org,h$S0USNr*^,21,Female,Single,Student,Below Rs.10000,Post Graduate,1
70795,Jenna Pittman,amedina@example.com,_c4_%Xts(x,26,Male,Single,Employee,Below Rs.10000,Post Graduate,1
70963,Brittany Lawson,stephenestrada@example.com,^^^!4HRed#,26,Male,Married,Employee,More than 50000,Graduate,4
71065,Christian Cook,lisa84@example.com,wF9Ari()0),23,Male,Single,Student,No Income,Post Graduate,5
72118,Max Davis,kgonzales@example.org,v@67MI^Ulv,27,Male,Married,Self Employeed,25001 to 50000,Graduate,6
72306,James Snyder,timothy88@example.org,c$4mUdurhw,33,Male,Married,Employee,More than 50000,Ph.D,5
72391,Katrina Vazquez,lsolis@example.net,#0PY0lleM!,26,Male,Married,Employee,10001 to 25000,Graduate,4
72426,Angela Kline,melissabrooks@example.org,R$r2TSsBjf,30,Male,Married,Self Employeed,25001 to 50000,School,6
72634,Jennifer Smith,jmiller@example.org,6%CCfpVR@V,21,Male,Single,Student,No Income,Graduate,4
73355,Jamie Gonzalez,dominique11@example.org,0_sA#adv+Q,22,Female,Single,Student,No Income,Graduate,4
74308,Robert Kelly,pamelavargas@example.com,qa+2$7Xt^P,23,Female,Single,Student,No Income,Graduate,2
74544,Katie Powell,evansjason@example.net,&5M(hnq3ik,23,Male,Single,Student,No Income,Post Graduate,2
75222,Paul Jarvis,josephgeorge@example.com,!mU$KGyb7h,27,Male,Married,Self Employeed,25001 to 50000,Graduate,6
75375,Pamela Rogers,cassandralopez@example.org,*q5kWgk*2(,22,Female,Single,Employee,10001 to 25000,Graduate,3
75378,Heather Richardson,tiffanyhuynh@example.org,V^7$C++Ibw,28,Male,Married,Employee,More than 50000,Graduate,3
75559,Brett Fowler,diazmariah@example.org,#7cKY)0e!r,25,Female,Single,Student,10001 to 25000,Graduate,2
75828,Michael Rivera,phillipsdon@example.net,)^lXfFmw1s,24,Female,Single,Student,No Income,Post Graduate,5
76180,Terri Williams,michellebaird@example.net,_1yNG@WaZA,32,Female,Married,Employee,More than 50000,Graduate,1
76228,David Bailey,shannon30@example.com,))18JVsa#k,25,Female,Married,Self Employeed,25001 to 50000,Post Graduate,3
76291,Tamara Jones,morganjones@example.org,06EzEzn#^#,28,Male,Married,Employee,25001 to 50000,Graduate,3
76741,Edwin Blevins,hectoroliver@example.net,_L2X9uchV%,22,Male,Single,Student,No Income,Graduate,3
76940,Victoria Collier,aliciabradley@example.net,k#R3JLb(Yy,25,Female,Married,Employee,25001 to 50000,Graduate,4
77161,Sandra Lucero,teresamcdaniel@example.net,eKZ%5P1f#6,29,Female,Married,Employee,25001 to 50000,Graduate,4
77359,Dana Reeves,tonidecker@example.net,V#$14TJu)h,23,Male,Single,Student,More than 50000,Post Graduate,3
77922,Wendy Shepherd,porterlynn@example.org,2z*UX0u6^8,21,Male,Married,Employee,More than 50000,Ph.D,3
78696,Eduardo Davis,higginstimothy@example.net,%M2Ptb*kPs,24,Female,Single,Self Employeed,25001 to 50000,Post Graduate,3
79063,Tanner Turner,tyler96@example.net,(YNuF&Ks!9,28,Male,Single,Employee,25001 to 50000,Post Graduate,2
79403,Jennifer Gregory,justinwarren@example.com,%z7syFTe+P,29,Female,Married,Employee,25001 to 50000,Ph.D,3
79404,Catherine Acevedo,larry01@example.com,&bWQ3+GK5m,21,Male,Single,Student,No Income,Graduate,6
79414,Katrina Barnes,hallpatrick@example.net,1IcDvkfS!^,24,Female,Married,Employee,25001 to 50000,Post Graduate,2
79488,John Marks,cmosley@example.org,Ms5rS*QX6$,25,Male,Single,Self Employeed,More than 50000,Graduate,2
79770,Thomas Moore,cardenasfrederick@example.com,i^N4CsP(%v,32,Male,Married,Employee,25001 to 50000,Graduate,3
80146,David Carlson,angelalucas@example.org,*4)KtT0c!r,26,Male,Single,Employee,10001 to 25000,Graduate,2
80534,Carrie Mitchell,brian13@example.com,K&u4aKNm5c,26,Male,Single,Employee,10001 to 25000,Graduate,2
80649,Kristina Walters,kelly86@example.org,$tF5R5s5&9,20,Male,Single,Student,No Income,Graduate,2
81159,Rebecca Bradley,sarahwilson@example.org,I)^^7La8c@,24,Male,Single,Employee,10001 to 25000,Graduate,4
81405,Laura Baldwin,julie92@example.net,!1XoOnueRY,28,Male,Single,Self Employeed,10001 to 25000,Post Graduate,2
81439,Hannah Burton,stacynovak@example.net,#6cVn%B)bB,26,Male,Married,Employee,More than 50000,Graduate,4
81729,Ian Chung,cathy16@example.com,33EKv9HJ+6,31,Male,Prefer not to say,Employee,Below Rs.10000,Graduate,1
82709,Gloria Cunningham,pbell@example.org,t%+4g@EyfK,23,Female,Single,Student,No Income,Post Graduate,2
82777,Anthony Baker,joshuasoto@example.net,Rs1UGjAft*,23,Male,Single,Student,No Income,Post Graduate,2
83948,Gregory Anderson,youngchelsea@example.com,8$TEkMax*k,22,Female,Single,Student,Below Rs.10000,Post Graduate,4
85734,Eric Beck,clarkemily@example.net,2DB9GJhj!&,30,Male,Married,Self Employeed,More than 50000,Graduate,1
85740,Mr. Anthony Jimenez,michael25@example.com,7D&Dii&j*5,22,Male,Single,Student,Below Rs.10000,Post Graduate,4
86135,Kevin Williams,morrisoncathy@example.net,Wa*e1Mo@go,23,Male,Single,Student,Below Rs.10000,Post Graduate,2
86455,John Gonzalez,ndillon@example.org,CR9CLDh$)1,21,Male,Single,Student,No Income,Graduate,5
86873,Raymond Reyes,brownraymond@example.com,#2xVXljrLv,20,Male,Single,Student,No Income,Graduate,2
87420,Shannon Scott,eric68@example.org,)@8CXwJizI,25,Male,Single,Employee,25001 to 50000,Graduate,3
88139,Elizabeth Allen,xbutler@example.com,hXVIlk%5^0,23,Male,Single,Student,25001 to 50000,Post Graduate,1
88503,John Lopez,garciakathryn@example.net,C4A2yhlk@W,23,Female,Single,Student,No Income,Post Graduate,3
88936,Jeffrey Lozano,janicebennett@example.com,p6N^QyAN(0,22,Male,Single,Student,No Income,Post Graduate,3
89402,Lindsey Camacho,hoffmancarla@example.net,Kr7Ec3@Q^6,26,Male,Single,Employee,More than 50000,Post Graduate,3
89503,Rebecca Harrell,calvin54@example.org,_8XTDc0pLy,21,Male,Single,Student,No Income,Graduate,2
90057,Jeremy Erickson,lmccann@example.com,#8w2EnAlP9,30,Male,Married,Self Employeed,More than 50000,Uneducated,4
90157,Christine Garrison,ricardohicks@example.org,2hL3+7ETg#,23,Male,Single,Student,No Income,Post Graduate,3
90799,Eric Wilson,smithdavid@example.com,_0V)0Jr$*s,22,Male,Single,Student,No Income,Graduate,3
90825,Heather Richardson,beckerderek@example.org,sr4TvEwJ_2,25,Male,Married,Employee,More than 50000,Ph.D,4
91457,Debbie Leonard,paula51@example.com,k_8WhcrZh8,24,Male,Married,Employee,More than 50000,Post Graduate,3
91483,Gregory Mitchell,scott29@example.com,+9ZVty30ra,22,Male,Single,Student,Below Rs.10000,Post Graduate,4
91996,Carrie Collins,michaeltownsend@example.net,+$I_z+LM9r,23,Female,Single,Student,No Income,Post Graduate,4
93225,Olivia Mccullough,imooney@example.com,U%7GP_xl+B,26,Male,Single,Employee,25001 to 50000,Graduate,2
93608,Amanda Thomas,garciamarcia@example.com,#SVh5ICbT@,32,Female,Married,House wife,No Income,Uneducated,3
94083,Joshua Molina,henry32@example.org,%7&_LUl)wt,22,Male,Single,Student,No Income,Post Graduate,2
94097,Kristen James,obeasley@example.com,(ruH6Kvg6K,23,Male,Single,Student,No Income,Post Graduate,2
94662,Maria Welch,rpearson@example.com,!TkL7Jk2&Y,31,Male,Prefer not to say,Employee,Below Rs.10000,Graduate,1
94707,Carrie Ho,joelpeck@example.com,vF31N!yx(x,22,Female,Single,Student,No Income,Post Graduate,2
94710,Mrs. Emily Rivera,graydaniel@example.com,@^l2LZx(85,32,Female,Prefer not to say,House wife,No Income,Graduate,5
94962,Nathan Berger,garciakenneth@example.net,_E_Zojit@7,20,Female,Single,Student,No Income,Graduate,2
95267,Kelly Ellis,cbaker@example.org,lty6yLAjO(,29,Male,Married,Employee,25001 to 50000,Graduate,4
95293,Craig Vega,daniel35@example.net,Xjq4Avps)&,24,Female,Single,Self Employeed,25001 to 50000,Post Graduate,3
95622,Keith Williams,andersonchase@example.org,#ryckFAEt5,25,Female,Single,Student,No Income,Post Graduate,3
95693,Darrell Diaz,johnmartinez@example.net,)Yi6JDEyWu,30,Male,Married,Self Employeed,More than 50000,Graduate,1
95761,Mark Cruz,sharon12@example.com,a)1IGe(WLr,28,Male,Single,Self Employeed,10001 to 25000,Post Graduate,2
96599,Richard White,douglasandrews@example.net,I(*0aFvwyS,21,Male,Single,Student,No Income,Graduate,3
97031,Ashley Hill,travishammond@example.org,8@_e3Xa3ui,22,Female,Single,Employee,10001 to 25000,Graduate,5
97062,Daniel Sims,ecampbell@example.com,44K)b#5f(R,22,Male,Single,Student,No Income,Post Graduate,3
97525,Gary Weber PhD,jason55@example.com,Y$a4)Wuzcb,25,Male,Single,Self Employeed,25001 to 50000,Graduate,3
97619,Mary Moore,xbutler@example.com,v_8FKItYbV,29,Male,Single,Self Employeed,More than 50000,Graduate,6
98573,Amber Miller,stewartmichelle@example.com,u&2aXmvCS2,24,Male,Single,Student,No Income,Post Graduate,3
98692,Jack Ross,hufflaurie@example.org,#pmm9qSe*2,22,Female,Single,Student,Below Rs.10000,Post Graduate,4
98708,Anthony Hawkins,akennedy@example.com,5Rbn*P!o&7,23,Female,Single,Student,No Income,Post Graduate,4
99658,Patrick Galvan,goodwinjose@example.net,^ENzHl)p2a,22,Female,Single,Employee,25001 to 50000,Graduate,4
99692,Michael Scott,bonniebrown@example.com,QV+E5HJp#S,31,Male,Married,Employee,More than 50000,Ph.D,3
